OADB_PublicationID,Document ChEMBL ID,Source ID,Source Description,Document Journal,Document Year,PMID,Patent Number
1,,,,,,,
2,CHEMBL3352357,1.0,Scientific Literature,J. Med. Chem.,2014.0,25062506.0,
3,CHEMBL1137888,1.0,Scientific Literature,Bioorg. Med. Chem. Lett.,2004.0,15380196.0,
4,CHEMBL3872284,1.0,Scientific Literature,ACS Med Chem Lett,2017.0,,
5,CHEMBL2157908,1.0,Scientific Literature,Bioorg. Med. Chem. Lett.,2012.0,23017884.0,
6,CHEMBL1149448,1.0,Scientific Literature,Bioorg. Med. Chem. Lett.,2006.0,16298525.0,
7,CHEMBL1124089,1.0,Scientific Literature,J. Med. Chem.,1988.0,2832604.0,
8,,,,,,,
9,CHEMBL1149641,1.0,Scientific Literature,Bioorg. Med. Chem. Lett.,2007.0,17601735.0,
10,CHEMBL3108689,1.0,Scientific Literature,J. Nat. Prod.,2014.0,,
11,CHEMBL1130156,1.0,Scientific Literature,J. Med. Chem.,1997.0,9301674.0,
12,CHEMBL1135679,1.0,Scientific Literature,J. Med. Chem.,2002.0,12459023.0,
13,CHEMBL4138315,1.0,Scientific Literature,J Med Chem,2018.0,29939746.0,
14,CHEMBL3352706,1.0,Scientific Literature,ACS Med. Chem. Lett.,2014.0,25221662.0,
15,CHEMBL1136784,1.0,Scientific Literature,J. Med. Chem.,2003.0,12699394.0,
16,,,,,,,
17,CHEMBL1144030,1.0,Scientific Literature,J. Med. Chem.,2008.0,18311909.0,
18,CHEMBL1135675,1.0,Scientific Literature,J. Med. Chem.,2002.0,,
19,CHEMBL1133607,1.0,Scientific Literature,J. Med. Chem.,2000.0,10956208.0,
20,CHEMBL1268827,1.0,Scientific Literature,Bioorg. Med. Chem. Lett.,2010.0,20850307.0,
21,CHEMBL1132770,1.0,Scientific Literature,Bioorg. Med. Chem. Lett.,2000.0,11055333.0,
22,CHEMBL1641373,1.0,Scientific Literature,Bioorg. Med. Chem. Lett.,2011.0,,
23,CHEMBL1128224,1.0,Scientific Literature,J. Med. Chem.,1995.0,7853332.0,
24,CHEMBL1124903,1.0,Scientific Literature,J. Med. Chem.,1990.0,2167979.0,
25,CHEMBL1147799,1.0,Scientific Literature,J. Med. Chem.,2006.0,16722631.0,
26,,,,,,,
27,CHEMBL1130663,1.0,Scientific Literature,Bioorg. Med. Chem. Lett.,1998.0,9873693.0,
28,CHEMBL1141191,1.0,Scientific Literature,Bioorg. Med. Chem. Lett.,2005.0,16203140.0,
29,CHEMBL1126669,1.0,Scientific Literature,J. Med. Chem.,1993.0,8380614.0,
30,CHEMBL3576859,1.0,Scientific Literature,ACS Med. Chem. Lett.,2015.0,,
31,,,,,,,
32,CHEMBL1135552,1.0,Scientific Literature,J. Med. Chem.,2002.0,12166947.0,
33,CHEMBL1146943,1.0,Scientific Literature,Bioorg. Med. Chem. Lett.,2006.0,16458504.0,
34,CHEMBL1139059,1.0,Scientific Literature,Bioorg. Med. Chem.,2007.0,17166723.0,
35,CHEMBL1123636,1.0,Scientific Literature,J. Med. Chem.,1987.0,2444704.0,
36,CHEMBL1124691,1.0,Scientific Literature,J. Med. Chem.,1989.0,,
37,CHEMBL2384928,1.0,Scientific Literature,Bioorg. Med. Chem. Lett.,2013.0,23623418.0,
38,CHEMBL1833807,1.0,Scientific Literature,Bioorg. Med. Chem.,2011.0,21925887.0,
39,,,,,,,
40,CHEMBL1122397,1.0,Scientific Literature,J. Med. Chem.,1983.0,6313921.0,
41,CHEMBL1148605,1.0,Scientific Literature,J. Med. Chem.,2006.0,16392810.0,
42,CHEMBL1133724,1.0,Scientific Literature,J. Med. Chem.,2000.0,10841790.0,
43,CHEMBL2331098,1.0,Scientific Literature,J. Nat. Prod.,2013.0,,
44,CHEMBL4118122,1.0,Scientific Literature,Bioorg Med Chem Lett,2018.0,29631962.0,
45,,,,,,,
46,CHEMBL1149288,1.0,Scientific Literature,J. Med. Chem.,2004.0,15588100.0,
47,CHEMBL4145618,1.0,Scientific Literature,J Med Chem,2018.0,29901392.0,
48,,,,,,,
49,CHEMBL1143724,1.0,Scientific Literature,Bioorg. Med. Chem.,2007.0,17548197.0,
50,,,,,,,
51,,,,,,,
52,CHEMBL3808291,1.0,Scientific Literature,J. Med. Chem.,2016.0,27035422.0,
53,,,,,,,
54,CHEMBL1128234,1.0,Scientific Literature,J. Med. Chem.,1995.0,7853350.0,
55,CHEMBL4014289,1.0,Scientific Literature,Bioorg Med Chem Lett,2017.0,28291693.0,
56,CHEMBL1123225,1.0,Scientific Literature,J. Med. Chem.,1986.0,3020244.0,
57,,,,,,,
58,CHEMBL2202959,1.0,Scientific Literature,Bioorg. Med. Chem. Lett.,2012.0,23103094.0,
59,,,,,,,
60,CHEMBL1145404,1.0,Scientific Literature,J. Med. Chem.,2007.0,17555306.0,
61,CHEMBL1133622,1.0,Scientific Literature,J. Med. Chem.,2000.0,,
62,CHEMBL1811836,1.0,Scientific Literature,Bioorg. Med. Chem.,2011.0,21570305.0,
63,CHEMBL3352559,1.0,Scientific Literature,Eur. J. Med. Chem.,2014.0,,
64,,,,,,,
65,CHEMBL1154775,1.0,Scientific Literature,J. Med. Chem.,2009.0,19621878.0,
66,CHEMBL1144926,1.0,Scientific Literature,J. Med. Chem.,2003.0,12747782.0,
67,CHEMBL1134830,1.0,Scientific Literature,Bioorg. Med. Chem. Lett.,2001.0,11294396.0,
68,CHEMBL1157228,1.0,Scientific Literature,J. Nat. Prod.,2006.0,16441078.0,
69,CHEMBL1806350,1.0,Scientific Literature,Bioorg. Med. Chem.,2011.0,21684752.0,
70,CHEMBL1153911,1.0,Scientific Literature,Bioorg. Med. Chem. Lett.,2009.0,19217280.0,
71,CHEMBL1144935,1.0,Scientific Literature,J. Med. Chem.,2003.0,12930147.0,
72,CHEMBL1155260,1.0,Scientific Literature,Bioorg. Med. Chem.,2009.0,19540763.0,
73,CHEMBL1122188,1.0,Scientific Literature,J. Med. Chem.,1982.0,7154003.0,
74,CHEMBL1130882,1.0,Scientific Literature,Bioorg. Med. Chem. Lett.,1998.0,9873439.0,
75,CHEMBL1131897,1.0,Scientific Literature,Bioorg. Med. Chem. Lett.,1999.0,10612597.0,
76,,,,,,,
77,CHEMBL1135961,1.0,Scientific Literature,Bioorg. Med. Chem. Lett.,2002.0,11755345.0,
78,CHEMBL2203184,1.0,Scientific Literature,Bioorg. Med. Chem. Lett.,2012.0,23131341.0,
79,CHEMBL4196036,1.0,Scientific Literature,Eur J Med Chem,2018.0,29477074.0,
80,,,,,,,
81,CHEMBL1150362,1.0,Scientific Literature,Bioorg. Med. Chem.,2008.0,,
82,CHEMBL2021777,1.0,Scientific Literature,J. Med. Chem.,2012.0,,
83,CHEMBL1133410,1.0,Scientific Literature,Bioorg. Med. Chem. Lett.,2000.0,10743951.0,
84,CHEMBL1138032,1.0,Scientific Literature,J. Med. Chem.,2006.0,16789756.0,
85,,,,,,,
86,CHEMBL3421625,1.0,Scientific Literature,J. Med. Chem.,2015.0,,
87,CHEMBL1135372,1.0,Scientific Literature,Bioorg. Med. Chem. Lett.,2002.0,11755353.0,
88,CHEMBL1135375,1.0,Scientific Literature,Bioorg. Med. Chem. Lett.,2002.0,11755357.0,
89,CHEMBL4130451,1.0,Scientific Literature,ACS Med Chem Lett,2017.0,,
90,CHEMBL4184193,1.0,Scientific Literature,Bioorg Med Chem,2018.0,29273415.0,
91,,,,,,,
92,CHEMBL1142949,1.0,Scientific Literature,J. Med. Chem.,2007.0,17315860.0,
93,CHEMBL1143092,1.0,Scientific Literature,Bioorg. Med. Chem. Lett.,2008.0,18468891.0,
94,CHEMBL2177071,1.0,Scientific Literature,J. Med. Chem.,2012.0,,
95,,,,,,,
96,CHEMBL2069268,1.0,Scientific Literature,J. Med. Chem.,2012.0,,
97,CHEMBL1152837,1.0,Scientific Literature,Eur. J. Med. Chem.,2008.0,18403056.0,
98,CHEMBL1140920,1.0,Scientific Literature,J. Med. Chem.,2009.0,19199782.0,
99,CHEMBL3259735,1.0,Scientific Literature,Bioorg. Med. Chem.,2014.0,24657054.0,
100,CHEMBL1671784,1.0,Scientific Literature,J. Med. Chem.,2011.0,21235243.0,
101,CHEMBL1123307,1.0,Scientific Literature,J. Med. Chem.,1986.0,2879914.0,
102,CHEMBL1145848,1.0,Scientific Literature,J. Med. Chem.,2003.0,12852751.0,
103,,,,,,,
104,CHEMBL1133167,1.0,Scientific Literature,J. Med. Chem.,2000.0,10633042.0,
105,CHEMBL2157939,1.0,Scientific Literature,J. Med. Chem.,2012.0,22680612.0,
106,CHEMBL1139195,1.0,Scientific Literature,Bioorg. Med. Chem. Lett.,2007.0,17350835.0,
107,CHEMBL1667791,1.0,Scientific Literature,Eur. J. Med. Chem.,2011.0,21216504.0,
108,CHEMBL1250485,1.0,Scientific Literature,Eur. J. Med. Chem.,2010.0,20692738.0,
109,CHEMBL1921714,1.0,Scientific Literature,J. Med. Chem.,2011.0,21958337.0,
110,CHEMBL1133419,1.0,Scientific Literature,Bioorg. Med. Chem. Lett.,2000.0,10741545.0,
111,,,,,,,
112,,,,,,,
113,CHEMBL1137610,1.0,Scientific Literature,J. Med. Chem.,2007.0,,
114,CHEMBL1148282,1.0,Scientific Literature,J. Med. Chem.,2004.0,15163178.0,
115,CHEMBL1129979,1.0,Scientific Literature,J. Med. Chem.,1997.0,9083489.0,
116,CHEMBL1127053,1.0,Scientific Literature,J. Med. Chem.,1993.0,8410999.0,
117,CHEMBL1125610,1.0,Scientific Literature,J. Med. Chem.,1991.0,1847432.0,
118,CHEMBL1145928,1.0,Scientific Literature,J. Med. Chem.,2003.0,14640558.0,
119,CHEMBL1137840,1.0,Scientific Literature,Bioorg. Med. Chem. Lett.,2004.0,15324897.0,
120,CHEMBL1150405,1.0,Scientific Literature,Bioorg. Med. Chem.,2008.0,18490168.0,
121,CHEMBL3627650,1.0,Scientific Literature,Bioorg. Med. Chem. Lett.,2015.0,,
122,CHEMBL3352469,1.0,Scientific Literature,Bioorg. Med. Chem.,2014.0,24973818.0,
123,CHEMBL1143931,1.0,Scientific Literature,Bioorg. Med. Chem.,2008.0,,
124,CHEMBL3632621,1.0,Scientific Literature,Bioorg. Med. Chem. Lett.,2015.0,26411794.0,
125,CHEMBL4049389,1.0,Scientific Literature,Eur J Med Chem,2017.0,28237793.0,
126,CHEMBL4038279,1.0,Scientific Literature,Bioorg Med Chem,2017.0,28318893.0,
127,,,,,,,
128,,,,,,,
129,CHEMBL1144033,1.0,Scientific Literature,Bioorg. Med. Chem. Lett.,2008.0,,
130,,,,,,,
131,CHEMBL1128417,1.0,Scientific Literature,J. Med. Chem.,1995.0,7608905.0,
132,CHEMBL1148435,1.0,Scientific Literature,Bioorg. Med. Chem. Lett.,2004.0,,
133,CHEMBL1250436,1.0,Scientific Literature,Bioorg. Med. Chem.,2010.0,20599386.0,
134,CHEMBL3769345,1.0,Scientific Literature,ACS Med. Chem. Lett.,2015.0,26713104.0,
135,CHEMBL3407384,1.0,Scientific Literature,Eur. J. Med. Chem.,2015.0,25599950.0,
136,CHEMBL1134077,1.0,Scientific Literature,Bioorg. Med. Chem. Lett.,2001.0,11378358.0,
137,,,,,,,
138,CHEMBL3779864,1.0,Scientific Literature,ACS Med. Chem. Lett.,2015.0,26713106.0,
139,CHEMBL1687890,1.0,Scientific Literature,J. Med. Chem.,2011.0,,
140,CHEMBL2417445,1.0,Scientific Literature,Bioorg. Med. Chem. Lett.,2013.0,23880538.0,
141,CHEMBL1641476,1.0,Scientific Literature,Bioorg. Med. Chem. Lett.,2011.0,21193310.0,
142,CHEMBL1129563,1.0,Scientific Literature,J. Med. Chem.,1996.0,8627605.0,
143,CHEMBL1141475,1.0,Scientific Literature,Bioorg. Med. Chem. Lett.,2008.0,,
144,CHEMBL1140111,1.0,Scientific Literature,J. Med. Chem.,2008.0,18788723.0,
145,CHEMBL1142492,1.0,Scientific Literature,J. Med. Chem.,2008.0,,
146,CHEMBL1133681,1.0,Scientific Literature,J. Med. Chem.,2000.0,11020289.0,
147,CHEMBL1126861,1.0,Scientific Literature,J. Med. Chem.,1993.0,,
148,CHEMBL2169824,1.0,Scientific Literature,Eur. J. Med. Chem.,2011.0,,
149,CHEMBL4130566,1.0,Scientific Literature,ACS Med Chem Lett,2017.0,29152051.0,
150,CHEMBL1629440,1.0,Scientific Literature,Bioorg. Med. Chem.,2010.0,,
151,CHEMBL1137499,1.0,Scientific Literature,Bioorg. Med. Chem.,2007.0,17851080.0,
152,CHEMBL3734657,1.0,Scientific Literature,J. Med. Chem.,2015.0,,
153,CHEMBL1127619,1.0,Scientific Literature,J. Med. Chem.,1994.0,8126697.0,
154,CHEMBL3351525,1.0,Scientific Literature,J. Med. Chem.,2014.0,,
155,CHEMBL1130596,1.0,Scientific Literature,Bioorg. Med. Chem. Lett.,1998.0,9873602.0,
156,CHEMBL1138153,1.0,Scientific Literature,J. Med. Chem.,2006.0,,
157,CHEMBL3232856,1.0,Scientific Literature,Bioorg. Med. Chem.,2014.0,24613457.0,
158,CHEMBL1130597,1.0,Scientific Literature,Bioorg. Med. Chem. Lett.,1998.0,9873603.0,
159,CHEMBL1138152,1.0,Scientific Literature,J. Med. Chem.,2006.0,16509592.0,
160,CHEMBL1128311,1.0,Scientific Literature,J. Med. Chem.,1995.0,7739011.0,
161,CHEMBL1128312,1.0,Scientific Literature,J. Med. Chem.,1995.0,7739013.0,
162,,,,,,,
163,CHEMBL3580572,1.0,Scientific Literature,ACS Med. Chem. Lett.,2015.0,26005537.0,
164,CHEMBL1156939,1.0,Scientific Literature,J. Med. Chem.,2010.0,20218625.0,
165,CHEMBL1129385,1.0,Scientific Literature,J. Med. Chem.,1996.0,8893842.0,
166,CHEMBL1153056,1.0,Scientific Literature,Bioorg. Med. Chem. Lett.,2009.0,19564110.0,
167,,,,,,,
168,CHEMBL1152801,1.0,Scientific Literature,J. Med. Chem.,2009.0,19253983.0,
169,,,,,,,
170,CHEMBL1134559,1.0,Scientific Literature,J. Med. Chem.,2001.0,11495579.0,
171,CHEMBL1125177,1.0,Scientific Literature,J. Med. Chem.,1991.0,,
172,CHEMBL1133540,1.0,Scientific Literature,J. Med. Chem.,2000.0,11101358.0,
173,CHEMBL4177603,1.0,Scientific Literature,Bioorg Med Chem Lett,2017.0,,
174,CHEMBL3352423,1.0,Scientific Literature,Bioorg. Med. Chem.,2014.0,25129170.0,
175,CHEMBL2203059,1.0,Scientific Literature,Bioorg. Med. Chem. Lett.,2012.0,22959245.0,
176,CHEMBL3085727,1.0,Scientific Literature,J. Med. Chem.,2013.0,,
177,CHEMBL4118228,1.0,Scientific Literature,Bioorg Med Chem Lett,2018.0,29853330.0,
178,CHEMBL4033769,1.0,Scientific Literature,ACS Med Chem Lett,2017.0,,
179,,,,,,,
180,CHEMBL1134681,1.0,Scientific Literature,J. Med. Chem.,2001.0,,
181,CHEMBL1159017,1.0,Scientific Literature,J. Nat. Prod.,1992.0,,
182,CHEMBL1143349,1.0,Scientific Literature,J. Med. Chem.,2009.0,19125610.0,
183,CHEMBL2202965,1.0,Scientific Literature,Bioorg. Med. Chem. Lett.,2012.0,22325949.0,
184,CHEMBL2163259,1.0,Scientific Literature,J. Med. Chem.,2012.0,,
185,CHEMBL1140429,1.0,Scientific Literature,J. Med. Chem.,2005.0,16366592.0,
186,CHEMBL1154110,1.0,Scientific Literature,Bioorg. Med. Chem.,2009.0,19576786.0,
187,CHEMBL4043106,1.0,Scientific Literature,Bioorg Med Chem,2017.0,,
188,CHEMBL3992519,1.0,Scientific Literature,J Med Chem,2017.0,28051300.0,
189,CHEMBL2407029,1.0,Scientific Literature,Bioorg. Med. Chem. Lett.,2013.0,,
190,CHEMBL3421577,1.0,Scientific Literature,Eur. J. Med. Chem.,2015.0,,
191,,,,,,,
192,CHEMBL1833861,1.0,Scientific Literature,J. Med. Chem.,2011.0,21905669.0,
193,CHEMBL1146992,1.0,Scientific Literature,Bioorg. Med. Chem. Lett.,2006.0,16483774.0,
194,CHEMBL1134379,1.0,Scientific Literature,J. Med. Chem.,2001.0,11297446.0,
195,CHEMBL1144010,1.0,Scientific Literature,J. Med. Chem.,2008.0,,
196,CHEMBL1140138,1.0,Scientific Literature,J. Med. Chem.,2008.0,18800771.0,
197,CHEMBL1125206,1.0,Scientific Literature,J. Med. Chem.,1991.0,1895300.0,
198,CHEMBL1135567,1.0,Scientific Literature,J. Med. Chem.,2002.0,12408719.0,
199,CHEMBL3580663,1.0,Scientific Literature,J. Med. Chem.,2015.0,25898137.0,
200,CHEMBL1156604,1.0,Scientific Literature,Bioorg. Med. Chem. Lett.,2008.0,18674902.0,
201,CHEMBL1938297,1.0,Scientific Literature,Bioorg. Med. Chem.,2012.0,22136765.0,
202,CHEMBL2434838,1.0,Scientific Literature,Eur. J. Med. Chem.,2013.0,24090913.0,
203,CHEMBL1156083,1.0,Scientific Literature,Bioorg. Med. Chem. Lett.,2009.0,19800791.0,
204,CHEMBL1154594,1.0,Scientific Literature,Bioorg. Med. Chem. Lett.,2009.0,19800790.0,
205,CHEMBL1136786,1.0,Scientific Literature,J. Med. Chem.,2003.0,12723940.0,
206,CHEMBL1833812,1.0,Scientific Literature,J. Med. Chem.,2011.0,21870874.0,
207,CHEMBL1134817,1.0,Scientific Literature,Bioorg. Med. Chem. Lett.,2001.0,11591513.0,
208,CHEMBL1126138,1.0,Scientific Literature,J. Med. Chem.,1992.0,1346276.0,
209,CHEMBL1772956,1.0,Scientific Literature,Bioorg. Med. Chem.,2011.0,21482470.0,
210,CHEMBL3351376,1.0,Scientific Literature,Bioorg. Med. Chem. Lett.,2014.0,25283554.0,
211,CHEMBL3352090,1.0,Scientific Literature,ACS Med. Chem. Lett.,2014.0,25147603.0,
212,CHEMBL1130172,1.0,Scientific Literature,J. Med. Chem.,1997.0,9379438.0,
213,CHEMBL1131540,1.0,Scientific Literature,Bioorg. Med. Chem. Lett.,1998.0,9871617.0,
214,CHEMBL4033790,1.0,Scientific Literature,J Med Chem,2018.0,,
215,CHEMBL3352010,1.0,Scientific Literature,ACS Med. Chem. Lett.,2014.0,25147605.0,
216,CHEMBL1123989,1.0,Scientific Literature,J. Med. Chem.,1988.0,2845084.0,
217,CHEMBL1151739,1.0,Scientific Literature,J. Med. Chem.,2008.0,19053757.0,
218,CHEMBL2380279,1.0,Scientific Literature,Bioorg. Med. Chem. Lett.,2013.0,,
219,CHEMBL1130152,1.0,Scientific Literature,J. Med. Chem.,1997.0,9301669.0,
220,CHEMBL1149134,1.0,Scientific Literature,J. Med. Chem.,2004.0,15055988.0,
221,CHEMBL3351750,1.0,Scientific Literature,ACS Med. Chem. Lett.,2014.0,25147602.0,
222,CHEMBL1124249,1.0,Scientific Literature,J. Med. Chem.,1988.0,,
223,CHEMBL1250431,1.0,Scientific Literature,Bioorg. Med. Chem.,2010.0,20580236.0,
224,CHEMBL1147989,1.0,Scientific Literature,Bioorg. Med. Chem. Lett.,2007.0,17420123.0,
225,CHEMBL1126641,1.0,Scientific Literature,J. Med. Chem.,1993.0,8097539.0,
226,CHEMBL2417375,1.0,Scientific Literature,Bioorg. Med. Chem. Lett.,2013.0,23948248.0,
227,,,,,,,
228,CHEMBL1154939,1.0,Scientific Literature,Bioorg. Med. Chem. Lett.,2010.0,20137938.0,
229,CHEMBL1132565,1.0,Scientific Literature,J. Med. Chem.,1999.0,9986710.0,
230,CHEMBL1125721,1.0,Scientific Literature,J. Med. Chem.,1991.0,1846919.0,
231,CHEMBL1155180,1.0,Scientific Literature,J. Med. Chem.,2009.0,19694469.0,
232,CHEMBL1136754,1.0,Scientific Literature,J. Med. Chem.,2003.0,12672238.0,
233,CHEMBL1153522,1.0,Scientific Literature,J. Med. Chem.,2009.0,19694468.0,
234,CHEMBL2046270,1.0,Scientific Literature,J. Med. Chem.,2012.0,22394120.0,
235,CHEMBL1125157,1.0,Scientific Literature,J. Med. Chem.,1990.0,,
236,,,,,,,
237,,,,,,,
238,CHEMBL4251556,1.0,Scientific Literature,Eur J Med Chem,2017.0,29107424.0,
239,CHEMBL3612011,1.0,Scientific Literature,Bioorg. Med. Chem.,2015.0,26346669.0,
240,,,,,,,
241,CHEMBL1141567,1.0,Scientific Literature,J. Med. Chem.,2008.0,18232652.0,
242,CHEMBL1138444,1.0,Scientific Literature,J. Med. Chem.,2009.0,,
243,CHEMBL1133570,1.0,Scientific Literature,J. Med. Chem.,2000.0,11150174.0,
244,CHEMBL3774360,1.0,Scientific Literature,Eur. J. Med. Chem.,2016.0,,
245,CHEMBL1133571,1.0,Scientific Literature,J. Med. Chem.,2000.0,,
246,CHEMBL1134588,1.0,Scientific Literature,J. Med. Chem.,2001.0,11543672.0,
247,CHEMBL3352407,1.0,Scientific Literature,J. Nat. Prod.,2014.0,,
248,CHEMBL1130071,1.0,Scientific Literature,J. Med. Chem.,1997.0,9207938.0,
249,CHEMBL1133120,1.0,Scientific Literature,J. Med. Chem.,2000.0,11150176.0,
250,CHEMBL1144424,1.0,Scientific Literature,J. Med. Chem.,2005.0,15857143.0,
251,,,,,,,
252,,,,,,,
253,CHEMBL1157752,1.0,Scientific Literature,J. Nat. Prod.,2010.0,,
254,CHEMBL1795226,1.0,Scientific Literature,Bioorg. Med. Chem. Lett.,2011.0,21621410.0,
255,CHEMBL1125742,1.0,Scientific Literature,J. Med. Chem.,1991.0,1846921.0,
256,CHEMBL3992569,1.0,Scientific Literature,ACS Med Chem Lett,2017.0,,
257,CHEMBL1151958,1.0,Scientific Literature,J. Med. Chem.,2009.0,20560643.0,
258,CHEMBL1949601,1.0,Scientific Literature,Bioorg. Med. Chem. Lett.,2012.0,22284817.0,
259,CHEMBL2177058,1.0,Scientific Literature,J. Med. Chem.,2012.0,23134120.0,
260,CHEMBL2412978,1.0,Scientific Literature,Bioorg. Med. Chem.,2013.0,,
261,CHEMBL1127295,1.0,Scientific Literature,J. Med. Chem.,1994.0,7996550.0,
262,CHEMBL1136656,1.0,Scientific Literature,Bioorg. Med. Chem. Lett.,2003.0,12643930.0,
263,CHEMBL3351959,1.0,Scientific Literature,Bioorg. Med. Chem.,2014.0,25047937.0,
264,CHEMBL1126617,1.0,Scientific Literature,J. Med. Chem.,1993.0,8384662.0,
265,CHEMBL1128236,1.0,Scientific Literature,J. Med. Chem.,1995.0,7861405.0,
266,CHEMBL1131144,1.0,Scientific Literature,J. Med. Chem.,1998.0,9767649.0,
267,CHEMBL3098058,1.0,Scientific Literature,Bioorg. Med. Chem. Lett.,2014.0,,
268,CHEMBL1142345,1.0,Scientific Literature,J. Med. Chem.,2008.0,,
269,CHEMBL1125838,1.0,Scientific Literature,J. Med. Chem.,1991.0,,
270,CHEMBL1126769,1.0,Scientific Literature,J. Med. Chem.,1993.0,8360887.0,
271,CHEMBL1147995,1.0,Scientific Literature,Bioorg. Med. Chem.,2007.0,17433695.0,
272,CHEMBL2086382,1.0,Scientific Literature,J. Med. Chem.,2012.0,,
273,CHEMBL1126112,1.0,Scientific Literature,J. Med. Chem.,1992.0,1361580.0,
274,CHEMBL1145106,1.0,Scientific Literature,J. Med. Chem.,2003.0,12519069.0,
275,CHEMBL2177081,1.0,Scientific Literature,J. Med. Chem.,2012.0,,
276,CHEMBL1145102,1.0,Scientific Literature,J. Med. Chem.,2003.0,12519064.0,
277,CHEMBL3808393,1.0,Scientific Literature,ACS Med. Chem. Lett.,2016.0,27096047.0,
278,CHEMBL1147134,1.0,Scientific Literature,J. Med. Chem.,2007.0,17402725.0,
279,CHEMBL1124934,1.0,Scientific Literature,J. Med. Chem.,1990.0,1967312.0,
280,CHEMBL1275246,1.0,Scientific Literature,Bioorg. Med. Chem.,2010.0,,
281,CHEMBL3351885,1.0,Scientific Literature,J. Med. Chem.,2014.0,,
282,CHEMBL1130338,1.0,Scientific Literature,J. Med. Chem.,1997.0,9057861.0,
283,CHEMBL1145905,1.0,Scientific Literature,J. Med. Chem.,2003.0,14613319.0,
284,CHEMBL1128299,1.0,Scientific Literature,J. Med. Chem.,1995.0,7731019.0,
285,CHEMBL1127294,1.0,Scientific Literature,J. Med. Chem.,1994.0,7996549.0,
286,CHEMBL2086370,1.0,Scientific Literature,J. Med. Chem.,2012.0,22541041.0,
287,CHEMBL1143626,1.0,Scientific Literature,J. Med. Chem.,2005.0,,
288,CHEMBL1221377,1.0,Scientific Literature,Bioorg. Med. Chem. Lett.,2010.0,20719509.0,
289,CHEMBL1130417,1.0,Scientific Literature,J. Med. Chem.,1997.0,9057856.0,
290,CHEMBL1146789,1.0,Scientific Literature,Bioorg. Med. Chem. Lett.,2004.0,15203136.0,
291,CHEMBL1136748,1.0,Scientific Literature,J. Med. Chem.,2003.0,12672226.0,
292,CHEMBL2321843,1.0,Scientific Literature,J. Med. Chem.,2013.0,23419026.0,
293,CHEMBL1765015,1.0,Scientific Literature,J. Med. Chem.,2011.0,21366266.0,
294,CHEMBL1126621,1.0,Scientific Literature,J. Med. Chem.,1993.0,8096246.0,
295,,,,,,,
296,CHEMBL4052787,1.0,Scientific Literature,Bioorg Med Chem,2017.0,28734666.0,
297,CHEMBL1139838,1.0,Scientific Literature,J. Med. Chem.,2007.0,,
298,CHEMBL2021813,1.0,Scientific Literature,Bioorg. Med. Chem.,2012.0,22464684.0,
299,CHEMBL1141202,1.0,Scientific Literature,Bioorg. Med. Chem. Lett.,2005.0,16198561.0,
300,CHEMBL1140695,1.0,Scientific Literature,J. Med. Chem.,2008.0,18062664.0,
301,CHEMBL1132548,1.0,Scientific Literature,J. Med. Chem.,1999.0,10639279.0,
302,,,,,,,
303,CHEMBL1132761,1.0,Scientific Literature,Bioorg. Med. Chem. Lett.,2000.0,10673103.0,
304,CHEMBL1147126,1.0,Scientific Literature,J. Nat. Prod.,2007.0,,
305,CHEMBL1136435,1.0,Scientific Literature,Bioorg. Med. Chem. Lett.,2003.0,12699761.0,
306,CHEMBL1132763,1.0,Scientific Literature,Bioorg. Med. Chem. Lett.,2000.0,10673107.0,
307,CHEMBL1127807,1.0,Scientific Literature,J. Med. Chem.,1994.0,7996538.0,
308,CHEMBL3588754,1.0,Scientific Literature,J. Med. Chem.,2015.0,25996309.0,
309,CHEMBL1126106,1.0,Scientific Literature,J. Med. Chem.,1992.0,1335078.0,
310,CHEMBL1153304,1.0,Scientific Literature,Bioorg. Med. Chem. Lett.,2009.0,,
311,,,,,,,
312,CHEMBL1145973,1.0,Scientific Literature,J. Med. Chem.,2003.0,12593647.0,
313,CHEMBL3407426,1.0,Scientific Literature,Eur. J. Med. Chem.,2015.0,25559207.0,
314,CHEMBL2176910,1.0,Scientific Literature,J. Med. Chem.,2012.0,,
315,CHEMBL1132372,1.0,Scientific Literature,J. Med. Chem.,1999.0,10479285.0,
316,CHEMBL1127739,1.0,Scientific Literature,J. Med. Chem.,1994.0,8021915.0,
317,CHEMBL1132373,1.0,Scientific Literature,J. Med. Chem.,1999.0,10479286.0,
318,CHEMBL1124814,1.0,Scientific Literature,J. Med. Chem.,1990.0,1972964.0,
319,CHEMBL1126113,1.0,Scientific Literature,J. Med. Chem.,1992.0,,
320,,,,,,,
321,CHEMBL1131147,1.0,Scientific Literature,J. Med. Chem.,1998.0,,
322,CHEMBL1132188,1.0,Scientific Literature,J. Med. Chem.,1999.0,10639287.0,
323,CHEMBL1139314,1.0,Scientific Literature,Bioorg. Med. Chem.,2009.0,19041249.0,
324,CHEMBL1142711,1.0,Scientific Literature,J. Med. Chem.,2005.0,,
325,CHEMBL1137556,1.0,Scientific Literature,Bioorg. Med. Chem. Lett.,2007.0,17904842.0,
326,,,,,,,
327,CHEMBL1142710,1.0,Scientific Literature,J. Med. Chem.,2005.0,15743203.0,
328,CHEMBL1151866,1.0,Scientific Literature,Bioorg. Med. Chem. Lett.,2009.0,19362480.0,
329,,,,,,,
330,CHEMBL1127549,1.0,Scientific Literature,J. Med. Chem.,1994.0,8021929.0,
331,CHEMBL1157715,1.0,Scientific Literature,Bioorg. Med. Chem.,2010.0,20005115.0,
332,CHEMBL1127548,1.0,Scientific Literature,J. Med. Chem.,1994.0,,
333,CHEMBL3862004,1.0,Scientific Literature,J Med Chem,2016.0,27676089.0,
334,CHEMBL4152209,1.0,Scientific Literature,Eur J Med Chem,2018.0,,
335,CHEMBL3085655,1.0,Scientific Literature,J. Med. Chem.,2013.0,,
336,CHEMBL1144846,1.0,Scientific Literature,J. Med. Chem.,2008.0,18380425.0,
337,CHEMBL2346652,1.0,Scientific Literature,Bioorg. Med. Chem. Lett.,2013.0,23434225.0,
338,CHEMBL4152207,1.0,Scientific Literature,Eur J Med Chem,2018.0,,
339,CHEMBL1155455,1.0,Scientific Literature,J. Med. Chem.,2010.0,20568781.0,
340,CHEMBL1125361,1.0,Scientific Literature,J. Med. Chem.,1992.0,1360025.0,
341,,,,,,,
342,CHEMBL1157731,1.0,Scientific Literature,J. Med. Chem.,2010.0,,
343,CHEMBL1138581,1.0,Scientific Literature,Bioorg. Med. Chem. Lett.,2009.0,,
344,CHEMBL4229394,1.0,Scientific Literature,Bioorg Med Chem Lett,2018.0,,
345,CHEMBL3098109,1.0,Scientific Literature,Bioorg. Med. Chem. Lett.,2014.0,,
346,CHEMBL1144921,1.0,Scientific Literature,J. Med. Chem.,2003.0,12672258.0,
347,CHEMBL1131191,1.0,Scientific Literature,J. Med. Chem.,1998.0,9822547.0,
348,,,,,,,
349,,,,,,,
350,CHEMBL1145777,1.0,Scientific Literature,J. Med. Chem.,2003.0,12593663.0,
351,CHEMBL1131084,1.0,Scientific Literature,J. Med. Chem.,1998.0,9719602.0,
352,CHEMBL1134509,1.0,Scientific Literature,J. Med. Chem.,2001.0,11405645.0,
353,CHEMBL1240532,1.0,Scientific Literature,Science,2010.0,20813948.0,
354,CHEMBL1129348,1.0,Scientific Literature,J. Med. Chem.,1996.0,8691442.0,
355,CHEMBL2396604,1.0,Scientific Literature,J. Med. Chem.,2013.0,,
356,CHEMBL1938393,1.0,Scientific Literature,Bioorg. Med. Chem. Lett.,2012.0,,
357,CHEMBL1212839,1.0,Scientific Literature,J. Med. Chem.,2010.0,20617791.0,
358,CHEMBL1152403,1.0,Scientific Literature,Bioorg. Med. Chem. Lett.,2009.0,19560919.0,
359,CHEMBL1136971,1.0,Scientific Literature,Bioorg. Med. Chem. Lett.,2009.0,19464172.0,
360,CHEMBL1944587,1.0,Scientific Literature,Bioorg. Med. Chem. Lett.,2012.0,,
361,CHEMBL1139611,1.0,Scientific Literature,Bioorg. Med. Chem. Lett.,2005.0,,
362,CHEMBL1129555,1.0,Scientific Literature,J. Med. Chem.,1996.0,8648612.0,
363,CHEMBL2057184,1.0,Scientific Literature,Bioorg. Med. Chem. Lett.,2012.0,22742909.0,
364,CHEMBL1124741,1.0,Scientific Literature,J. Med. Chem.,1990.0,,
365,CHEMBL3621128,1.0,Scientific Literature,Bioorg. Med. Chem. Lett.,2015.0,26330078.0,
366,CHEMBL3400112,1.0,Scientific Literature,Bioorg. Med. Chem.,2015.0,25783191.0,
367,CHEMBL1143501,1.0,Scientific Literature,Bioorg. Med. Chem. Lett.,2005.0,15780619.0,
368,CHEMBL1153596,1.0,Scientific Literature,Bioorg. Med. Chem. Lett.,2009.0,19364645.0,
369,CHEMBL3822362,1.0,Scientific Literature,J. Med. Chem.,2016.0,27148755.0,
370,CHEMBL1131041,1.0,Scientific Literature,J. Med. Chem.,1998.0,9667975.0,
371,CHEMBL1154976,1.0,Scientific Literature,Bioorg. Med. Chem. Lett.,2010.0,20144870.0,
372,CHEMBL1149384,1.0,Scientific Literature,J. Med. Chem.,2006.0,16451050.0,
373,CHEMBL1132882,1.0,Scientific Literature,Bioorg. Med. Chem. Lett.,2000.0,,
374,CHEMBL1134650,1.0,Scientific Literature,J. Med. Chem.,2001.0,11300879.0,
375,CHEMBL1131989,1.0,Scientific Literature,Bioorg. Med. Chem. Lett.,1999.0,,
376,CHEMBL4118237,1.0,Scientific Literature,Bioorg Med Chem,2018.0,29858157.0,
377,CHEMBL2150958,1.0,Scientific Literature,ACS Med. Chem. Lett.,2012.0,23585918.0,
378,CHEMBL1148330,1.0,Scientific Literature,J. Med. Chem.,2004.0,15163203.0,
379,CHEMBL1154971,1.0,Scientific Literature,Bioorg. Med. Chem. Lett.,2010.0,20144865.0,
380,CHEMBL3758122,1.0,Scientific Literature,Eur. J. Med. Chem.,2016.0,26656913.0,
381,,,,,,,
382,CHEMBL1149280,1.0,Scientific Literature,J. Med. Chem.,2004.0,15588089.0,
383,CHEMBL1143936,1.0,Scientific Literature,Bioorg. Med. Chem.,2008.0,18178091.0,
384,CHEMBL1144610,1.0,Scientific Literature,Bioorg. Med. Chem. Lett.,2007.0,17276685.0,
385,CHEMBL1134793,1.0,Scientific Literature,J. Med. Chem.,2001.0,11300867.0,
386,CHEMBL1139879,1.0,Scientific Literature,J. Nat. Prod.,2007.0,,
387,CHEMBL1136869,1.0,Scientific Literature,Bioorg. Med. Chem. Lett.,2009.0,19394217.0,
388,CHEMBL1140165,1.0,Scientific Literature,J. Med. Chem.,2008.0,,
389,CHEMBL1148695,1.0,Scientific Literature,Bioorg. Med. Chem.,2007.0,17490886.0,
390,CHEMBL1127031,1.0,Scientific Literature,J. Med. Chem.,1993.0,8246239.0,
391,CHEMBL2157899,1.0,Scientific Literature,Bioorg. Med. Chem.,2012.0,,
392,CHEMBL1142487,1.0,Scientific Literature,Bioorg. Med. Chem.,2008.0,18829333.0,
393,CHEMBL1142308,1.0,Scientific Literature,Bioorg. Med. Chem.,2008.0,,
394,CHEMBL1129490,1.0,Scientific Literature,J. Med. Chem.,1996.0,8632410.0,
395,CHEMBL1148374,1.0,Scientific Literature,J. Med. Chem.,2004.0,,
396,CHEMBL3608260,1.0,Scientific Literature,Bioorg. Med. Chem. Lett.,2015.0,,
397,CHEMBL3596173,1.0,Scientific Literature,J. Med. Chem.,2015.0,26125201.0,
398,CHEMBL1148513,1.0,Scientific Literature,Bioorg. Med. Chem. Lett.,2006.0,16621556.0,
399,CHEMBL1159086,1.0,Scientific Literature,Bioorg. Med. Chem.,2010.0,20045339.0,
400,CHEMBL2390918,1.0,Scientific Literature,Bioorg. Med. Chem. Lett.,2013.0,,
401,CHEMBL1143642,1.0,Scientific Literature,Bioorg. Med. Chem. Lett.,2005.0,16153834.0,
402,CHEMBL1149132,1.0,Scientific Literature,J. Med. Chem.,2004.0,15027881.0,
403,CHEMBL1949670,1.0,Scientific Literature,Eur. J. Med. Chem.,2012.0,22341895.0,
404,CHEMBL2434905,1.0,Scientific Literature,Bioorg. Med. Chem. Lett.,2013.0,,
405,CHEMBL1127487,1.0,Scientific Literature,J. Med. Chem.,1994.0,8289188.0,
406,CHEMBL1127486,1.0,Scientific Literature,J. Med. Chem.,1994.0,8289187.0,
407,CHEMBL1132798,1.0,Scientific Literature,Bioorg. Med. Chem. Lett.,2000.0,11078198.0,
408,CHEMBL1255514,1.0,Scientific Literature,Bioorg. Med. Chem. Lett.,2010.0,20727752.0,
409,CHEMBL4257579,1.0,Scientific Literature,Bioorg Med Chem Lett,2018.0,30389290.0,
410,CHEMBL1145160,1.0,Scientific Literature,J. Med. Chem.,2005.0,16033256.0,
411,CHEMBL1131901,1.0,Scientific Literature,Bioorg. Med. Chem. Lett.,1999.0,10612602.0,
412,,,,,,,
413,CHEMBL1123869,1.0,Scientific Literature,J. Med. Chem.,1987.0,,
414,CHEMBL1152185,1.0,Scientific Literature,Bioorg. Med. Chem. Lett.,2008.0,18990576.0,
415,CHEMBL3297660,1.0,Scientific Literature,Bioorg. Med. Chem.,2014.0,24856182.0,
416,CHEMBL1154733,1.0,Scientific Literature,J. Med. Chem.,2009.0,,
417,CHEMBL1134447,1.0,Scientific Literature,J. Med. Chem.,2001.0,11585443.0,
418,CHEMBL1155111,1.0,Scientific Literature,J. Med. Chem.,2008.0,,
419,CHEMBL3632459,1.0,Scientific Literature,Bioorg. Med. Chem. Lett.,2015.0,,
420,CHEMBL1155070,1.0,Scientific Literature,J. Med. Chem.,2008.0,,
421,CHEMBL1134625,1.0,Scientific Literature,J. Med. Chem.,2001.0,11585444.0,
422,CHEMBL1150367,1.0,Scientific Literature,Bioorg. Med. Chem.,2008.0,18468904.0,
423,CHEMBL3580564,1.0,Scientific Literature,J. Nat. Prod.,2015.0,,
424,CHEMBL1145430,1.0,Scientific Literature,J. Med. Chem.,2007.0,17571866.0,
425,CHEMBL4145694,1.0,Scientific Literature,J Med Chem,2018.0,,
426,CHEMBL1158463,1.0,Scientific Literature,J. Med. Chem.,2009.0,19537798.0,
427,CHEMBL1150369,1.0,Scientific Literature,Bioorg. Med. Chem.,2008.0,18468907.0,
428,CHEMBL1641545,1.0,Scientific Literature,Bioorg. Med. Chem. Lett.,2011.0,21115248.0,
429,CHEMBL1134426,1.0,Scientific Literature,Bioorg. Med. Chem. Lett.,2001.0,11597422.0,
430,,,,,,,
431,CHEMBL4049431,1.0,Scientific Literature,J Med Chem,2017.0,28376298.0,
432,CHEMBL1136497,1.0,Scientific Literature,Bioorg. Med. Chem. Lett.,2003.0,14643346.0,
433,CHEMBL1158055,1.0,Scientific Literature,J. Nat. Prod.,2006.0,,
434,CHEMBL1131909,1.0,Scientific Literature,Bioorg. Med. Chem. Lett.,1999.0,10617088.0,
435,CHEMBL1154346,1.0,Scientific Literature,Bioorg. Med. Chem. Lett.,2009.0,19818611.0,
436,CHEMBL2380235,1.0,Scientific Literature,J. Med. Chem.,2013.0,,
437,CHEMBL1131908,1.0,Scientific Literature,Bioorg. Med. Chem. Lett.,1999.0,10617086.0,
438,CHEMBL4229484,1.0,Scientific Literature,Bioorg Med Chem,2018.0,30054192.0,
439,CHEMBL1145093,1.0,Scientific Literature,J. Med. Chem.,2003.0,12954070.0,
440,CHEMBL3351542,1.0,Scientific Literature,J. Med. Chem.,2014.0,25268943.0,
441,CHEMBL3352189,1.0,Scientific Literature,J. Med. Chem.,2014.0,,
442,CHEMBL1146183,1.0,Scientific Literature,J. Med. Chem.,2006.0,16913729.0,
443,CHEMBL3992491,1.0,Scientific Literature,Eur J Med Chem,2017.0,27776274.0,
444,CHEMBL1926652,1.0,Scientific Literature,Bioorg. Med. Chem.,2011.0,,
445,CHEMBL1177813,1.0,Scientific Literature,Bioorg. Med. Chem. Lett.,2010.0,20547453.0,
446,,,,,,,
447,CHEMBL4020770,1.0,Scientific Literature,Bioorg Med Chem Lett,2017.0,28499731.0,
448,CHEMBL1157966,1.0,Scientific Literature,J. Nat. Prod.,2006.0,16792410.0,
449,CHEMBL1146036,1.0,Scientific Literature,J. Med. Chem.,2006.0,16913723.0,
450,CHEMBL2407012,1.0,Scientific Literature,ACS Med. Chem. Lett.,2013.0,,
451,CHEMBL1143667,1.0,Scientific Literature,J. Med. Chem.,2007.0,17488103.0,
452,CHEMBL2390917,1.0,Scientific Literature,Bioorg. Med. Chem.,2013.0,23582449.0,
453,CHEMBL1132283,1.0,Scientific Literature,J. Med. Chem.,1999.0,,
454,CHEMBL1137387,1.0,Scientific Literature,J. Med. Chem.,2006.0,17004724.0,
455,CHEMBL2176919,1.0,Scientific Literature,J. Med. Chem.,2012.0,23116124.0,
456,CHEMBL4184336,1.0,Scientific Literature,J Med Chem,2018.0,29767967.0,
457,,,,,,,
458,CHEMBL1126080,1.0,Scientific Literature,J. Med. Chem.,1992.0,1319495.0,
459,CHEMBL2417403,1.0,Scientific Literature,Bioorg. Med. Chem. Lett.,2013.0,23932788.0,
460,CHEMBL1255512,1.0,Scientific Literature,Bioorg. Med. Chem. Lett.,2010.0,20727749.0,
461,CHEMBL1143706,1.0,Scientific Literature,J. Med. Chem.,2007.0,,
462,,,,,,,
463,CHEMBL1124488,1.0,Scientific Literature,J. Med. Chem.,1989.0,2542556.0,
464,CHEMBL2203205,1.0,Scientific Literature,Eur. J. Med. Chem.,2012.0,,
465,CHEMBL1153197,1.0,Scientific Literature,Bioorg. Med. Chem. Lett.,2010.0,19963380.0,
466,CHEMBL1781947,1.0,Scientific Literature,Bioorg. Med. Chem.,2009.0,19527931.0,
467,CHEMBL2429799,1.0,Scientific Literature,Bioorg. Med. Chem. Lett.,2013.0,,
468,,,,,,,
469,CHEMBL1136992,1.0,Scientific Literature,J. Med. Chem.,2009.0,19473027.0,
470,CHEMBL3091364,1.0,Scientific Literature,Bioorg. Med. Chem.,2013.0,,
471,CHEMBL1146899,1.0,Scientific Literature,J. Med. Chem.,2006.0,16942039.0,
472,CHEMBL1135663,1.0,Scientific Literature,J. Med. Chem.,2002.0,12431062.0,
473,CHEMBL1135665,1.0,Scientific Literature,J. Med. Chem.,2002.0,12431065.0,
474,CHEMBL1155318,1.0,Scientific Literature,Bioorg. Med. Chem. Lett.,2009.0,19632840.0,
475,CHEMBL1145081,1.0,Scientific Literature,J. Med. Chem.,2003.0,12954053.0,
476,CHEMBL1125373,1.0,Scientific Literature,J. Med. Chem.,1992.0,,
477,CHEMBL3734736,1.0,Scientific Literature,Bioorg. Med. Chem. Lett.,2015.0,,
478,CHEMBL1138064,1.0,Scientific Literature,J. Med. Chem.,2006.0,,
479,CHEMBL1146900,1.0,Scientific Literature,J. Med. Chem.,2006.0,16942040.0,
480,CHEMBL1140563,1.0,Scientific Literature,Bioorg. Med. Chem. Lett.,2007.0,17935988.0,
481,CHEMBL1136522,1.0,Scientific Literature,Bioorg. Med. Chem. Lett.,2003.0,12749896.0,
482,CHEMBL1131025,1.0,Scientific Literature,J. Med. Chem.,1998.0,,
483,CHEMBL1127522,1.0,Scientific Literature,J. Med. Chem.,1994.0,8201592.0,
484,CHEMBL2163332,1.0,Scientific Literature,J. Med. Chem.,2012.0,22724433.0,
485,CHEMBL1145968,1.0,Scientific Literature,J. Med. Chem.,2003.0,,
486,CHEMBL2203245,1.0,Scientific Literature,Bioorg. Med. Chem. Lett.,2012.0,23142613.0,
487,CHEMBL1130911,1.0,Scientific Literature,Bioorg. Med. Chem. Lett.,1998.0,9873480.0,
488,CHEMBL1154290,1.0,Scientific Literature,Bioorg. Med. Chem. Lett.,2009.0,19767206.0,
489,CHEMBL1938260,1.0,Scientific Literature,Bioorg. Med. Chem. Lett.,2012.0,22204910.0,
490,CHEMBL2429832,1.0,Scientific Literature,Bioorg. Med. Chem.,2013.0,,
491,CHEMBL1157818,1.0,Scientific Literature,J. Med. Chem.,2010.0,20441176.0,
492,CHEMBL1133341,1.0,Scientific Literature,Bioorg. Med. Chem. Lett.,2000.0,10782696.0,
493,CHEMBL1136834,1.0,Scientific Literature,Bioorg. Med. Chem. Lett.,2009.0,19091564.0,
494,CHEMBL1142906,1.0,Scientific Literature,Bioorg. Med. Chem.,2007.0,,
495,CHEMBL1131022,1.0,Scientific Literature,J. Med. Chem.,1998.0,9651168.0,
496,CHEMBL3822449,1.0,Scientific Literature,Bioorg. Med. Chem. Lett.,2016.0,27301366.0,
497,,,,,,,
498,CHEMBL1127843,1.0,Scientific Literature,J. Med. Chem.,1994.0,8201586.0,
499,CHEMBL1141239,1.0,Scientific Literature,Bioorg. Med. Chem. Lett.,2005.0,16183273.0,
500,CHEMBL1129480,1.0,Scientific Literature,J. Med. Chem.,1996.0,8576920.0,
501,CHEMBL1135939,1.0,Scientific Literature,J. Med. Chem.,2002.0,11960505.0,
502,,,,,,,
503,CHEMBL1146887,1.0,Scientific Literature,J. Med. Chem.,2006.0,,
504,CHEMBL1649067,1.0,Scientific Literature,J. Med. Chem.,2011.0,21128594.0,
505,CHEMBL1146884,1.0,Scientific Literature,J. Med. Chem.,2006.0,16942034.0,
506,CHEMBL1144402,1.0,Scientific Literature,J. Med. Chem.,2005.0,16033285.0,
507,CHEMBL1127583,1.0,Scientific Literature,J. Med. Chem.,1994.0,8057274.0,
508,CHEMBL1153149,1.0,Scientific Literature,Bioorg. Med. Chem. Lett.,2010.0,19932964.0,
509,,,,,,,
510,CHEMBL1135969,1.0,Scientific Literature,J. Med. Chem.,2002.0,12139463.0,
511,CHEMBL2321730,1.0,Scientific Literature,J. Med. Chem.,2013.0,23360448.0,
512,CHEMBL1148385,1.0,Scientific Literature,J. Med. Chem.,2004.0,14711314.0,
513,CHEMBL1133578,1.0,Scientific Literature,J. Med. Chem.,2000.0,10669565.0,
514,CHEMBL1143969,1.0,Scientific Literature,Bioorg. Med. Chem.,2008.0,18249546.0,
515,CHEMBL1255551,1.0,Scientific Literature,Bioorg. Med. Chem. Lett.,2010.0,20801035.0,
516,CHEMBL1143970,1.0,Scientific Literature,Bioorg. Med. Chem.,2008.0,18249547.0,
517,CHEMBL1649335,1.0,Scientific Literature,Bioorg. Med. Chem.,2010.0,20875743.0,
518,CHEMBL2169823,1.0,Scientific Literature,J. Med. Chem.,2012.0,22966938.0,
519,,,,,,,
520,,,,,,,
521,CHEMBL3785070,1.0,Scientific Literature,Bioorg. Med. Chem.,2016.0,27079125.0,
522,CHEMBL2046286,1.0,Scientific Literature,Bioorg. Med. Chem.,2012.0,22677527.0,
523,CHEMBL1133656,1.0,Scientific Literature,J. Med. Chem.,2000.0,10649968.0,
524,CHEMBL1125501,1.0,Scientific Literature,J. Med. Chem.,1992.0,1322988.0,
525,CHEMBL1130124,1.0,Scientific Literature,J. Med. Chem.,1997.0,9276018.0,
526,CHEMBL1125341,1.0,Scientific Literature,J. Med. Chem.,1992.0,,
527,CHEMBL1127447,1.0,Scientific Literature,J. Med. Chem.,1994.0,8071934.0,
528,CHEMBL1138605,1.0,Scientific Literature,Bioorg. Med. Chem. Lett.,2009.0,19332374.0,
529,CHEMBL1138666,1.0,Scientific Literature,J. Med. Chem.,2004.0,15267245.0,
530,CHEMBL1125327,1.0,Scientific Literature,J. Med. Chem.,1992.0,1331451.0,
531,CHEMBL1833968,1.0,Scientific Literature,Bioorg. Med. Chem. Lett.,2011.0,21889335.0,
532,CHEMBL1125657,1.0,Scientific Literature,J. Med. Chem.,1991.0,1849995.0,
533,CHEMBL1128535,1.0,Scientific Literature,J. Med. Chem.,1995.0,7658433.0,
534,CHEMBL1125663,1.0,Scientific Literature,J. Med. Chem.,1991.0,,
535,CHEMBL1141223,1.0,Scientific Literature,J. Med. Chem.,2005.0,16335927.0,
536,CHEMBL1123259,1.0,Scientific Literature,J. Med. Chem.,1986.0,,
537,CHEMBL4043100,1.0,Scientific Literature,Bioorg Med Chem,2017.0,28662966.0,
538,CHEMBL1138958,1.0,Scientific Literature,Bioorg. Med. Chem. Lett.,2006.0,,
539,CHEMBL1134942,1.0,Scientific Literature,Bioorg. Med. Chem. Lett.,2002.0,12372519.0,
540,CHEMBL1131434,1.0,Scientific Literature,J. Med. Chem.,1998.0,9857089.0,
541,CHEMBL4007500,1.0,Scientific Literature,Bioorg Med Chem Lett,2017.0,28318942.0,
542,CHEMBL1148829,1.0,Scientific Literature,J. Med. Chem.,2007.0,17887741.0,
543,CHEMBL4184138,1.0,Scientific Literature,Bioorg Med Chem Lett,2017.0,,
544,,,,,,,
545,CHEMBL1127684,1.0,Scientific Literature,J. Med. Chem.,1994.0,7908696.0,
546,CHEMBL1131432,1.0,Scientific Literature,J. Med. Chem.,1998.0,9857087.0,
547,,,,,,,
548,CHEMBL1154618,1.0,Scientific Literature,J. Med. Chem.,2009.0,19827750.0,
549,CHEMBL1134937,1.0,Scientific Literature,Bioorg. Med. Chem. Lett.,2002.0,,
550,CHEMBL1141402,1.0,Scientific Literature,J. Med. Chem.,2007.0,17266203.0,
551,,,,,,,
552,CHEMBL1138105,1.0,Scientific Literature,Bioorg. Med. Chem. Lett.,2006.0,16290934.0,
553,CHEMBL1144652,1.0,Scientific Literature,Bioorg. Med. Chem. Lett.,2007.0,17428659.0,
554,CHEMBL2390830,1.0,Scientific Literature,Eur. J. Med. Chem.,2013.0,23466604.0,
555,CHEMBL1148857,1.0,Scientific Literature,Bioorg. Med. Chem. Lett.,2007.0,,
556,CHEMBL3352410,1.0,Scientific Literature,J. Med. Chem.,2014.0,25133923.0,
557,CHEMBL2331145,1.0,Scientific Literature,J. Med. Chem.,2013.0,23438330.0,
558,CHEMBL4043136,1.0,Scientific Literature,Bioorg Med Chem,2017.0,,
559,,,,,,,
560,CHEMBL1128549,1.0,Scientific Literature,J. Med. Chem.,1995.0,7658453.0,
561,CHEMBL1146349,1.0,Scientific Literature,Bioorg. Med. Chem.,2007.0,17188879.0,
562,CHEMBL1125701,1.0,Scientific Literature,J. Med. Chem.,1991.0,1851846.0,
563,CHEMBL1125696,1.0,Scientific Literature,J. Med. Chem.,1991.0,1851843.0,
564,CHEMBL1145447,1.0,Scientific Literature,J. Med. Chem.,2007.0,17580847.0,
565,CHEMBL4033739,1.0,Scientific Literature,Bioorg Med Chem Lett,2017.0,28602640.0,
566,CHEMBL3352451,1.0,Scientific Literature,Bioorg. Med. Chem.,2014.0,25456075.0,
567,CHEMBL1147663,1.0,Scientific Literature,J. Med. Chem.,2006.0,,
568,CHEMBL1153516,1.0,Scientific Literature,J. Med. Chem.,2009.0,19642675.0,
569,CHEMBL3232979,1.0,Scientific Literature,J. Med. Chem.,2014.0,24678969.0,
570,CHEMBL2177066,1.0,Scientific Literature,J. Med. Chem.,2012.0,22995061.0,
571,CHEMBL1144431,1.0,Scientific Literature,Bioorg. Med. Chem. Lett.,2005.0,,
572,CHEMBL1140270,1.0,Scientific Literature,Bioorg. Med. Chem. Lett.,2005.0,15863299.0,
573,CHEMBL1125862,1.0,Scientific Literature,J. Med. Chem.,1991.0,1652025.0,
574,CHEMBL1140619,1.0,Scientific Literature,J. Med. Chem.,2007.0,,
575,CHEMBL1138430,1.0,Scientific Literature,Bioorg. Med. Chem. Lett.,2007.0,,
576,CHEMBL4038342,1.0,Scientific Literature,J Med Chem,2017.0,28776992.0,
577,,,,,,,
578,CHEMBL1157769,1.0,Scientific Literature,Bioorg. Med. Chem.,2010.0,20413312.0,
579,CHEMBL1833948,1.0,Scientific Literature,J. Med. Chem.,2011.0,21866885.0,
580,CHEMBL1139143,1.0,Scientific Literature,Bioorg. Med. Chem. Lett.,2007.0,17289383.0,
581,CHEMBL1122530,1.0,Scientific Literature,J. Med. Chem.,1984.0,,
582,CHEMBL1143388,1.0,Scientific Literature,Bioorg. Med. Chem.,2009.0,19147366.0,
583,,,,,,,
584,CHEMBL1155897,1.0,Scientific Literature,J. Med. Chem.,2008.0,18637671.0,
585,CHEMBL1221330,1.0,Scientific Literature,Bioorg. Med. Chem. Lett.,2010.0,,
586,CHEMBL3098111,1.0,Scientific Literature,Bioorg. Med. Chem. Lett.,2013.0,,
587,CHEMBL4000164,1.0,Scientific Literature,Eur J Med Chem,2017.0,27721146.0,
588,CHEMBL1143143,1.0,Scientific Literature,Bioorg. Med. Chem.,2008.0,17962026.0,
589,CHEMBL1138973,1.0,Scientific Literature,Bioorg. Med. Chem. Lett.,2006.0,16777416.0,
590,CHEMBL3868615,1.0,Scientific Literature,Bioorg Med Chem Lett,2016.0,27839919.0,
591,CHEMBL1133698,1.0,Scientific Literature,J. Med. Chem.,2000.0,,
592,CHEMBL1155548,1.0,Scientific Literature,J. Med. Chem.,2010.0,20476738.0,
593,CHEMBL2417362,1.0,Scientific Literature,Bioorg. Med. Chem. Lett.,2013.0,,
594,CHEMBL1133016,1.0,Scientific Literature,J. Med. Chem.,2000.0,,
595,CHEMBL1125178,1.0,Scientific Literature,J. Med. Chem.,1991.0,1652019.0,
596,CHEMBL3286318,1.0,Scientific Literature,Bioorg. Med. Chem. Lett.,2014.0,24835200.0,
597,CHEMBL1127468,1.0,Scientific Literature,J. Med. Chem.,1994.0,7932540.0,
598,CHEMBL1136855,1.0,Scientific Literature,Bioorg. Med. Chem. Lett.,2009.0,19147350.0,
599,CHEMBL3611974,1.0,Scientific Literature,Bioorg. Med. Chem.,2015.0,26299827.0,
600,CHEMBL1156534,1.0,Scientific Literature,Proc. Natl. Acad. Sci. U.S.A.,2007.0,,
601,CHEMBL1132050,1.0,Scientific Literature,Bioorg. Med. Chem. Lett.,1999.0,10340623.0,
602,CHEMBL1132049,1.0,Scientific Literature,Bioorg. Med. Chem. Lett.,1999.0,10340622.0,
603,CHEMBL1135954,1.0,Scientific Literature,Bioorg. Med. Chem. Lett.,2002.0,12372527.0,
604,,,,,,,
605,CHEMBL1150274,1.0,Scientific Literature,Bioorg. Med. Chem.,2008.0,18417347.0,
606,CHEMBL1134945,1.0,Scientific Literature,Bioorg. Med. Chem. Lett.,2002.0,12372523.0,
607,CHEMBL1153172,1.0,Scientific Literature,Bioorg. Med. Chem. Lett.,2010.0,,
608,CHEMBL1152437,1.0,Scientific Literature,J. Med. Chem.,2009.0,19678644.0,
609,CHEMBL1123825,1.0,Scientific Literature,J. Med. Chem.,1987.0,2887656.0,
610,CHEMBL1128501,1.0,Scientific Literature,J. Med. Chem.,1995.0,7636870.0,
611,CHEMBL1140437,1.0,Scientific Literature,J. Med. Chem.,2005.0,,
612,,,,,,,
613,CHEMBL1123894,1.0,Scientific Literature,J. Med. Chem.,1987.0,2822930.0,
614,CHEMBL1156628,1.0,Scientific Literature,J. Med. Chem.,2008.0,18680274.0,
615,CHEMBL1132115,1.0,Scientific Literature,J. Med. Chem.,1999.0,10602690.0,
616,CHEMBL1141183,1.0,Scientific Literature,J. Med. Chem.,2005.0,15658871.0,
617,CHEMBL2146448,1.0,Scientific Literature,Bioorg. Med. Chem.,2012.0,22967810.0,
618,CHEMBL1127368,1.0,Scientific Literature,J. Med. Chem.,1994.0,7932577.0,
619,CHEMBL1140170,1.0,Scientific Literature,J. Med. Chem.,2008.0,18821747.0,
620,,,,,,,
621,CHEMBL1149096,1.0,Scientific Literature,J. Med. Chem.,2004.0,14998329.0,
622,CHEMBL1145560,1.0,Scientific Literature,Bioorg. Med. Chem. Lett.,2008.0,18487043.0,
623,CHEMBL2150869,1.0,Scientific Literature,J. Med. Chem.,2011.0,21978284.0,
624,CHEMBL1128667,1.0,Scientific Literature,J. Med. Chem.,1995.0,7490727.0,
625,,,,,,,
626,CHEMBL1143538,1.0,Scientific Literature,Bioorg. Med. Chem. Lett.,2005.0,15808478.0,
627,CHEMBL1148706,1.0,Scientific Literature,J. Med. Chem.,2007.0,17625813.0,
628,CHEMBL2163219,1.0,Scientific Literature,J. Med. Chem.,2012.0,22734622.0,
629,CHEMBL1147348,1.0,Scientific Literature,J. Nat. Prod.,1993.0,8496700.0,
630,CHEMBL1127803,1.0,Scientific Literature,J. Med. Chem.,1994.0,8035418.0,
631,CHEMBL1123840,1.0,Scientific Literature,J. Med. Chem.,1987.0,,
632,CHEMBL1124942,1.0,Scientific Literature,J. Med. Chem.,1990.0,,
633,,,,,,,
634,CHEMBL1127360,1.0,Scientific Literature,J. Med. Chem.,1994.0,7932569.0,
635,CHEMBL3616445,1.0,Scientific Literature,Bioorg. Med. Chem. Lett.,2015.0,,
636,CHEMBL1145107,1.0,Scientific Literature,J. Med. Chem.,2003.0,13678399.0,
637,CHEMBL2046406,1.0,Scientific Literature,J. Med. Chem.,2012.0,22439881.0,
638,CHEMBL1148600,1.0,Scientific Literature,J. Med. Chem.,2006.0,16392798.0,
639,CHEMBL4017505,1.0,Scientific Literature,J Med Chem,2017.0,28825813.0,
640,CHEMBL1156775,1.0,Scientific Literature,J. Med. Chem.,2010.0,19928862.0,
641,CHEMBL1133634,1.0,Scientific Literature,J. Med. Chem.,2000.0,10966754.0,
642,CHEMBL1128603,1.0,Scientific Literature,J. Med. Chem.,1995.0,,
643,CHEMBL1138307,1.0,Scientific Literature,Bioorg. Med. Chem. Lett.,2007.0,17980586.0,
644,CHEMBL1124245,1.0,Scientific Literature,J. Med. Chem.,1988.0,2828622.0,
645,CHEMBL1139415,1.0,Scientific Literature,Bioorg. Med. Chem. Lett.,2008.0,18701276.0,
646,CHEMBL1671786,1.0,Scientific Literature,J. Med. Chem.,2011.0,21247164.0,
647,,,,,,,
648,CHEMBL1153960,1.0,Scientific Literature,Bioorg. Med. Chem. Lett.,2009.0,19282177.0,
649,CHEMBL1145172,1.0,Scientific Literature,J. Med. Chem.,2005.0,16107162.0,
650,CHEMBL3102699,1.0,Scientific Literature,Bioorg. Med. Chem. Lett.,2014.0,,
651,CHEMBL4130363,1.0,Scientific Literature,Eur J Med Chem,2017.0,,
652,,,,,,,
653,CHEMBL3102773,1.0,Scientific Literature,Bioorg. Med. Chem. Lett.,2014.0,,
654,CHEMBL1124243,1.0,Scientific Literature,J. Med. Chem.,1988.0,,
655,,,,,,,
656,CHEMBL1139715,1.0,Scientific Literature,Bioorg. Med. Chem. Lett.,2006.0,16949282.0,
657,,,,,,,
658,,,,,,,
659,CHEMBL1143681,1.0,Scientific Literature,J. Med. Chem.,2007.0,17497839.0,
660,CHEMBL1130436,1.0,Scientific Literature,J. Med. Chem.,1997.0,9111295.0,
661,CHEMBL3393059,1.0,Scientific Literature,Bioorg. Med. Chem. Lett.,2015.0,25599839.0,
662,CHEMBL1641560,1.0,Scientific Literature,Bioorg. Med. Chem.,2011.0,21126878.0,
663,CHEMBL3392994,1.0,Scientific Literature,J. Nat. Prod.,2015.0,25562563.0,
664,CHEMBL1140452,1.0,Scientific Literature,Bioorg. Med. Chem. Lett.,2007.0,17826993.0,
665,,,,,,,
666,CHEMBL1137484,1.0,Scientific Literature,Bioorg. Med. Chem. Lett.,2007.0,17826995.0,
667,CHEMBL3797168,1.0,Scientific Literature,J. Med. Chem.,2016.0,,
668,CHEMBL1212862,1.0,Scientific Literature,Bioorg. Med. Chem.,2010.0,20637637.0,
669,CHEMBL1137770,1.0,Scientific Literature,Bioorg. Med. Chem.,2009.0,,
670,CHEMBL1134413,1.0,Scientific Literature,J. Med. Chem.,2001.0,11311071.0,
671,CHEMBL1122880,1.0,Scientific Literature,J. Med. Chem.,1985.0,,
672,CHEMBL1136677,1.0,Scientific Literature,Bioorg. Med. Chem. Lett.,2003.0,12657261.0,
673,CHEMBL1135445,1.0,Scientific Literature,J. Med. Chem.,2002.0,11784158.0,
674,CHEMBL1137324,1.0,Scientific Literature,J. Med. Chem.,2006.0,,
675,CHEMBL1127466,1.0,Scientific Literature,J. Med. Chem.,1994.0,7932535.0,
676,CHEMBL1122861,1.0,Scientific Literature,J. Med. Chem.,1985.0,,
677,CHEMBL1148293,1.0,Scientific Literature,J. Med. Chem.,2004.0,14695830.0,
678,CHEMBL1152515,1.0,Scientific Literature,Bioorg. Med. Chem.,2009.0,19646882.0,
679,CHEMBL1671821,1.0,Scientific Literature,J. Med. Chem.,2011.0,21207959.0,
680,CHEMBL1125258,1.0,Scientific Literature,J. Med. Chem.,1991.0,1648137.0,
681,CHEMBL2401649,1.0,Scientific Literature,J. Med. Chem.,2013.0,23822516.0,
682,CHEMBL1124272,1.0,Scientific Literature,J. Med. Chem.,1988.0,,
683,CHEMBL1125706,1.0,Scientific Literature,J. Med. Chem.,1991.0,1648136.0,
684,CHEMBL1130776,1.0,Scientific Literature,Bioorg. Med. Chem. Lett.,1998.0,9871544.0,
685,CHEMBL4038325,1.0,Scientific Literature,J Med Chem,2017.0,28726402.0,
686,CHEMBL1149528,1.0,Scientific Literature,Bioorg. Med. Chem. Lett.,2007.0,17512730.0,
687,CHEMBL1154596,1.0,Scientific Literature,J. Med. Chem.,2009.0,19807094.0,
688,CHEMBL1128290,1.0,Scientific Literature,J. Med. Chem.,1995.0,7707326.0,
689,CHEMBL1131238,1.0,Scientific Literature,J. Med. Chem.,1998.0,9599247.0,
690,CHEMBL3608284,1.0,Scientific Literature,Bioorg. Med. Chem. Lett.,2015.0,,
691,CHEMBL1133757,1.0,Scientific Literature,J. Med. Chem.,2000.0,10891107.0,
692,CHEMBL2396537,1.0,Scientific Literature,J. Med. Chem.,2013.0,23517479.0,
693,CHEMBL1144851,1.0,Scientific Literature,J. Med. Chem.,2008.0,,
694,CHEMBL1153456,1.0,Scientific Literature,Bioorg. Med. Chem. Lett.,2009.0,19595591.0,
695,CHEMBL1142222,1.0,Scientific Literature,Proc. Natl. Acad. Sci. U.S.A.,2007.0,17483457.0,
696,CHEMBL1132995,1.0,Scientific Literature,J. Med. Chem.,2000.0,10753470.0,
697,CHEMBL3085643,1.0,Scientific Literature,J. Med. Chem.,2013.0,,
698,CHEMBL1287688,1.0,Scientific Literature,Bioorg. Med. Chem.,2010.0,,
699,CHEMBL1133018,1.0,Scientific Literature,J. Med. Chem.,2000.0,10753473.0,
700,CHEMBL2406907,1.0,Scientific Literature,ACS Med. Chem. Lett.,2013.0,24648867.0,
701,,,,,,,
702,CHEMBL1130249,1.0,Scientific Literature,J. Med. Chem.,1997.0,9397176.0,
703,CHEMBL3232743,1.0,Scientific Literature,Bioorg. Med. Chem.,2014.0,24602401.0,
704,CHEMBL1157800,1.0,Scientific Literature,J. Nat. Prod.,2010.0,20426456.0,
705,CHEMBL1124680,1.0,Scientific Literature,J. Med. Chem.,1989.0,2536436.0,
706,CHEMBL1135711,1.0,Scientific Literature,J. Med. Chem.,2002.0,,
707,CHEMBL1123370,1.0,Scientific Literature,J. Med. Chem.,1986.0,,
708,CHEMBL1124394,1.0,Scientific Literature,J. Med. Chem.,1989.0,,
709,CHEMBL1139774,1.0,Scientific Literature,Bioorg. Med. Chem. Lett.,2007.0,17659872.0,
710,CHEMBL1124831,1.0,Scientific Literature,J. Med. Chem.,1990.0,2153826.0,
711,CHEMBL1141430,1.0,Scientific Literature,J. Nat. Prod.,2007.0,,
712,CHEMBL1133766,1.0,Scientific Literature,J. Med. Chem.,2000.0,,
713,CHEMBL2440099,1.0,Scientific Literature,Bioorg. Med. Chem.,2013.0,,
714,CHEMBL3603739,1.0,Scientific Literature,Bioorg. Med. Chem.,2015.0,26252963.0,
715,CHEMBL1143918,1.0,Scientific Literature,Bioorg. Med. Chem.,2008.0,18166466.0,
716,CHEMBL3232748,1.0,Scientific Literature,J. Med. Chem.,2014.0,,
717,CHEMBL3612054,1.0,Scientific Literature,Bioorg. Med. Chem.,2015.0,,
718,CHEMBL1146321,1.0,Scientific Literature,Bioorg. Med. Chem.,2007.0,17142049.0,
719,CHEMBL3588796,1.0,Scientific Literature,Bioorg. Med. Chem.,2015.0,25593096.0,
720,CHEMBL1126914,1.0,Scientific Literature,J. Med. Chem.,1993.0,8254604.0,
721,CHEMBL4145657,1.0,Scientific Literature,J Med Chem,2018.0,,
722,CHEMBL3763120,1.0,Scientific Literature,J. Med. Chem.,2016.0,,
723,CHEMBL2016571,1.0,Scientific Literature,Bioorg. Med. Chem. Lett.,2012.0,22445285.0,
724,CHEMBL1140076,1.0,Scientific Literature,J. Med. Chem.,2008.0,,
725,CHEMBL1145313,1.0,Scientific Literature,Bioorg. Med. Chem. Lett.,2006.0,16750366.0,
726,CHEMBL2390840,1.0,Scientific Literature,Bioorg. Med. Chem. Lett.,2013.0,,
727,CHEMBL1131838,1.0,Scientific Literature,Bioorg. Med. Chem. Lett.,1999.0,10476866.0,
728,,,,,,,
729,,,,,,,
730,CHEMBL1145812,1.0,Scientific Literature,J. Med. Chem.,2003.0,12801235.0,
731,CHEMBL1136236,1.0,Scientific Literature,Bioorg. Med. Chem. Lett.,2003.0,12951102.0,
732,CHEMBL1133465,1.0,Scientific Literature,J. Med. Chem.,2000.0,10893307.0,
733,CHEMBL1138606,1.0,Scientific Literature,Bioorg. Med. Chem. Lett.,2009.0,19339177.0,
734,CHEMBL2396652,1.0,Scientific Literature,Bioorg. Med. Chem. Lett.,2013.0,,
735,CHEMBL1126784,1.0,Scientific Literature,J. Med. Chem.,1993.0,8394935.0,
736,CHEMBL1126934,1.0,Scientific Literature,J. Med. Chem.,1993.0,8390575.0,
737,CHEMBL1764973,1.0,Scientific Literature,J. Med. Chem.,2011.0,21428406.0,
738,,,,,,,
739,CHEMBL1143385,1.0,Scientific Literature,J. Med. Chem.,2009.0,,
740,,,,,,,
741,CHEMBL1121982,1.0,Scientific Literature,J. Med. Chem.,1982.0,6296388.0,
742,CHEMBL4190333,1.0,Scientific Literature,ACS Med Chem Lett,2017.0,,
743,CHEMBL1133775,1.0,Scientific Literature,J. Med. Chem.,2000.0,10893314.0,
744,CHEMBL3091434,1.0,Scientific Literature,Bioorg. Med. Chem.,2013.0,,
745,,,,,,,
746,CHEMBL2440083,1.0,Scientific Literature,J. Med. Chem.,2013.0,,
747,CHEMBL4138139,1.0,Scientific Literature,ACS Med Chem Lett,2017.0,,
748,CHEMBL1121721,1.0,Scientific Literature,J. Med. Chem.,1981.0,6276540.0,
749,CHEMBL1132844,1.0,Scientific Literature,Bioorg. Med. Chem. Lett.,2000.0,11133082.0,
750,CHEMBL1817540,1.0,Scientific Literature,J. Med. Chem.,2011.0,21744827.0,
751,,,,,,,
752,CHEMBL3813631,1.0,Scientific Literature,Bioorg. Med. Chem.,2016.0,,
753,CHEMBL1131413,1.0,Scientific Literature,J. Med. Chem.,1998.0,9836606.0,
754,CHEMBL1130045,1.0,Scientific Literature,J. Med. Chem.,1997.0,9171881.0,
755,CHEMBL3734721,1.0,Scientific Literature,J. Med. Chem.,2015.0,,
756,CHEMBL1148276,1.0,Scientific Literature,J. Med. Chem.,2004.0,15115401.0,
757,CHEMBL1154191,1.0,Scientific Literature,J. Med. Chem.,2009.0,19791807.0,
758,,,,,,,
759,,,,,,,
760,CHEMBL1143467,1.0,Scientific Literature,Bioorg. Med. Chem. Lett.,2005.0,16143528.0,
761,,,,,,,
762,CHEMBL1152616,1.0,Scientific Literature,Bioorg. Med. Chem.,2009.0,19762245.0,
763,CHEMBL1143135,1.0,Scientific Literature,J. Med. Chem.,2008.0,,
764,CHEMBL1147138,1.0,Scientific Literature,J. Med. Chem.,2007.0,17407276.0,
765,CHEMBL3286233,1.0,Scientific Literature,J. Med. Chem.,2014.0,,
766,CHEMBL4049419,1.0,Scientific Literature,J Med Chem,2017.0,28339199.0,
767,CHEMBL1127305,1.0,Scientific Literature,J. Med. Chem.,1994.0,7799399.0,
768,CHEMBL1152513,1.0,Scientific Literature,Bioorg. Med. Chem.,2009.0,19640720.0,
769,CHEMBL1147769,1.0,Scientific Literature,Bioorg. Med. Chem. Lett.,2006.0,16275086.0,
770,CHEMBL1154529,1.0,Scientific Literature,Bioorg. Med. Chem. Lett.,2009.0,19062273.0,
771,CHEMBL1143255,1.0,Scientific Literature,Bioorg. Med. Chem.,2008.0,17981041.0,
772,CHEMBL1124798,1.0,Scientific Literature,J. Med. Chem.,1990.0,2160538.0,
773,CHEMBL1123230,1.0,Scientific Literature,J. Med. Chem.,1986.0,2876099.0,
774,CHEMBL3286325,1.0,Scientific Literature,J. Med. Chem.,2014.0,24933507.0,
775,CHEMBL1132724,1.0,Scientific Literature,J. Med. Chem.,1999.0,10229636.0,
776,CHEMBL1132134,1.0,Scientific Literature,Bioorg. Med. Chem. Lett.,1999.0,,
777,CHEMBL1150320,1.0,Scientific Literature,Bioorg. Med. Chem. Lett.,2008.0,18448337.0,
778,,,,,,,
779,CHEMBL1153907,1.0,Scientific Literature,Bioorg. Med. Chem. Lett.,2009.0,19211245.0,
780,CHEMBL3259577,1.0,Scientific Literature,Bioorg. Med. Chem. Lett.,2014.0,24690494.0,
781,CHEMBL1152554,1.0,Scientific Literature,Bioorg. Med. Chem.,2009.0,19683449.0,
782,CHEMBL2390921,1.0,Scientific Literature,Bioorg. Med. Chem. Lett.,2013.0,,
783,CHEMBL1139291,1.0,Scientific Literature,Bioorg. Med. Chem. Lett.,2009.0,19027293.0,
784,CHEMBL1127738,1.0,Scientific Literature,J. Med. Chem.,1994.0,7515442.0,
785,CHEMBL1153526,1.0,Scientific Literature,J. Med. Chem.,2009.0,19715279.0,
786,CHEMBL3616415,1.0,Scientific Literature,Bioorg. Med. Chem. Lett.,2015.0,26323872.0,
787,CHEMBL1135684,1.0,Scientific Literature,J. Med. Chem.,2002.0,12477343.0,
788,CHEMBL3352005,1.0,Scientific Literature,Bioorg. Med. Chem. Lett.,2014.0,25248680.0,
789,CHEMBL1132713,1.0,Scientific Literature,J. Med. Chem.,1999.0,,
790,CHEMBL1141625,1.0,Scientific Literature,Bioorg. Med. Chem. Lett.,2008.0,,
791,CHEMBL1156815,1.0,Scientific Literature,J. Med. Chem.,2010.0,20055417.0,
792,CHEMBL3739255,1.0,Scientific Literature,J. Med. Chem.,2015.0,,
793,CHEMBL1127048,1.0,Scientific Literature,J. Med. Chem.,1993.0,8393489.0,
794,CHEMBL3259551,1.0,Scientific Literature,ACS Med. Chem. Lett.,2014.0,24900842.0,
795,CHEMBL4000201,1.0,Scientific Literature,Bioorg Med Chem Lett,2017.0,28011222.0,
796,CHEMBL1124423,1.0,Scientific Literature,J. Med. Chem.,1989.0,,
797,CHEMBL1124430,1.0,Scientific Literature,J. Med. Chem.,1989.0,,
798,CHEMBL1147615,1.0,Scientific Literature,Bioorg. Med. Chem. Lett.,2004.0,14980696.0,
799,CHEMBL1125449,1.0,Scientific Literature,J. Med. Chem.,1992.0,1315870.0,
800,CHEMBL1137297,1.0,Scientific Literature,J. Med. Chem.,2006.0,17149859.0,
801,CHEMBL1137299,1.0,Scientific Literature,J. Med. Chem.,2006.0,17149858.0,
802,CHEMBL3232873,1.0,Scientific Literature,J. Med. Chem.,2014.0,24641190.0,
803,CHEMBL1127633,1.0,Scientific Literature,J. Med. Chem.,1994.0,8164255.0,
804,CHEMBL1135899,1.0,Scientific Literature,J. Med. Chem.,2002.0,11906279.0,
805,CHEMBL3875185,1.0,Scientific Literature,Bioorg Med Chem,2017.0,27876250.0,
806,CHEMBL1157324,1.0,Scientific Literature,J. Nat. Prod.,2006.0,,
807,CHEMBL1759965,1.0,Scientific Literature,Eur. J. Med. Chem.,2011.0,21330016.0,
808,,,,,,,
809,CHEMBL1141265,1.0,Scientific Literature,J. Nat. Prod.,2007.0,,
810,CHEMBL1134689,1.0,Scientific Literature,J. Med. Chem.,2001.0,11448220.0,
811,CHEMBL2439973,1.0,Scientific Literature,Bioorg. Med. Chem. Lett.,2013.0,,
812,CHEMBL1135241,1.0,Scientific Literature,Bioorg. Med. Chem. Lett.,2002.0,11958984.0,
813,,,,,,,
814,CHEMBL3763066,1.0,Scientific Literature,J. Med. Chem.,2016.0,26789491.0,
815,CHEMBL1138529,1.0,Scientific Literature,Antimicrob. Agents Chemother.,2007.0,,
816,CHEMBL1140103,1.0,Scientific Literature,J. Med. Chem.,2008.0,,
817,CHEMBL3745681,1.0,Scientific Literature,J. Med. Chem.,2015.0,,
818,CHEMBL1146689,1.0,Scientific Literature,Bioorg. Med. Chem. Lett.,2004.0,14684324.0,
819,CHEMBL1125447,1.0,Scientific Literature,J. Med. Chem.,1992.0,1315868.0,
820,CHEMBL3085732,1.0,Scientific Literature,J. Med. Chem.,2013.0,,
821,CHEMBL3396991,1.0,Scientific Literature,Eur. J. Med. Chem.,2015.0,25513968.0,
822,CHEMBL3632469,1.0,Scientific Literature,Bioorg. Med. Chem. Lett.,2015.0,,
823,CHEMBL1122843,1.0,Scientific Literature,J. Med. Chem.,1985.0,,
824,CHEMBL1130113,1.0,Scientific Literature,J. Med. Chem.,1997.0,9258365.0,
825,CHEMBL1152717,1.0,Scientific Literature,Bioorg. Med. Chem. Lett.,2009.0,19168350.0,
826,,,,,,,
827,CHEMBL2203051,1.0,Scientific Literature,Bioorg. Med. Chem. Lett.,2012.0,23116891.0,
828,CHEMBL1138837,1.0,Scientific Literature,J. Med. Chem.,2004.0,14736254.0,
829,CHEMBL1147884,1.0,Scientific Literature,Bioorg. Med. Chem.,2007.0,17339114.0,
830,,,,,,,
831,CHEMBL3217531,1.0,Scientific Literature,MedChemComm,2011.0,,
832,CHEMBL1132332,1.0,Scientific Literature,J. Med. Chem.,1999.0,10447942.0,
833,CHEMBL1132136,1.0,Scientific Literature,Bioorg. Med. Chem. Lett.,1999.0,10206545.0,
834,CHEMBL1773029,1.0,Scientific Literature,ACS Med. Chem. Lett.,2010.0,,
835,CHEMBL1154638,1.0,Scientific Literature,J. Med. Chem.,2009.0,19842669.0,
836,CHEMBL1127512,1.0,Scientific Literature,J. Med. Chem.,1994.0,8182708.0,
837,,,,,,,
838,CHEMBL3596130,1.0,Scientific Literature,Bioorg. Med. Chem. Lett.,2015.0,26048798.0,
839,,,,,,,
840,CHEMBL3259633,1.0,Scientific Literature,J. Med. Chem.,2014.0,24761755.0,
841,CHEMBL1157476,1.0,Scientific Literature,J. Med. Chem.,2008.0,18537234.0,
842,CHEMBL1133469,1.0,Scientific Literature,J. Med. Chem.,2000.0,11052794.0,
843,CHEMBL1133468,1.0,Scientific Literature,J. Med. Chem.,2000.0,11052793.0,
844,CHEMBL2384966,1.0,Scientific Literature,Bioorg. Med. Chem.,2013.0,,
845,CHEMBL1138930,1.0,Scientific Literature,J. Med. Chem.,2006.0,16821764.0,
846,CHEMBL1147544,1.0,Scientific Literature,Bioorg. Med. Chem. Lett.,2004.0,,
847,CHEMBL1153452,1.0,Scientific Literature,Bioorg. Med. Chem.,2009.0,,
848,,,,,,,
849,CHEMBL1145844,1.0,Scientific Literature,J. Med. Chem.,2003.0,12825957.0,
850,CHEMBL1132936,1.0,Scientific Literature,J. Med. Chem.,2000.0,10794701.0,
851,CHEMBL1133472,1.0,Scientific Literature,J. Med. Chem.,2000.0,11052799.0,
852,CHEMBL1124781,1.0,Scientific Literature,J. Med. Chem.,1990.0,,
853,CHEMBL1145840,1.0,Scientific Literature,J. Med. Chem.,2003.0,12825951.0,
854,CHEMBL1148443,1.0,Scientific Literature,J. Med. Chem.,2004.0,14761209.0,
855,CHEMBL1137980,1.0,Scientific Literature,J. Med. Chem.,2004.0,15456245.0,
856,,,,,,,
857,CHEMBL1148646,1.0,Scientific Literature,J. Med. Chem.,2006.0,16759107.0,
858,CHEMBL1126095,1.0,Scientific Literature,J. Med. Chem.,1992.0,1333014.0,
859,CHEMBL3751800,1.0,Scientific Literature,Bioorg. Med. Chem.,2016.0,26712115.0,
860,CHEMBL1125360,1.0,Scientific Literature,J. Med. Chem.,1992.0,1333013.0,
861,CHEMBL1144626,1.0,Scientific Literature,Bioorg. Med. Chem. Lett.,2007.0,17329100.0,
862,CHEMBL1133652,1.0,Scientific Literature,J. Med. Chem.,2000.0,11000010.0,
863,CHEMBL2417511,1.0,Scientific Literature,Eur. J. Med. Chem.,2013.0,,
864,CHEMBL1138891,1.0,Scientific Literature,Bioorg. Med. Chem. Lett.,2006.0,16632355.0,
865,CHEMBL1137216,1.0,Scientific Literature,J. Med. Chem.,2004.0,15456250.0,
866,CHEMBL1255169,1.0,Scientific Literature,J. Med. Chem.,2010.0,20812727.0,
867,,,,,,,
868,CHEMBL4152214,1.0,Scientific Literature,Eur J Med Chem,2018.0,29656199.0,
869,CHEMBL1123470,1.0,Scientific Literature,J. Med. Chem.,1986.0,3007760.0,
870,CHEMBL2177074,1.0,Scientific Literature,J. Med. Chem.,2012.0,23102273.0,
871,CHEMBL2390846,1.0,Scientific Literature,Bioorg. Med. Chem. Lett.,2013.0,,
872,CHEMBL2384951,1.0,Scientific Literature,Bioorg. Med. Chem.,2013.0,,
873,CHEMBL1147940,1.0,Scientific Literature,Bioorg. Med. Chem.,2007.0,,
874,CHEMBL1134161,1.0,Scientific Literature,Bioorg. Med. Chem. Lett.,2001.0,11212101.0,
875,CHEMBL1134125,1.0,Scientific Literature,Bioorg. Med. Chem. Lett.,2001.0,,
876,,,,,,,
877,CHEMBL4038292,1.0,Scientific Literature,Bioorg Med Chem Lett,2017.0,,
878,CHEMBL1145019,1.0,Scientific Literature,J. Med. Chem.,2003.0,12502358.0,
879,CHEMBL1125510,1.0,Scientific Literature,J. Med. Chem.,1992.0,,
880,CHEMBL2434954,1.0,Scientific Literature,Eur. J. Med. Chem.,2013.0,24103580.0,
881,CHEMBL1125513,1.0,Scientific Literature,J. Med. Chem.,1992.0,1323679.0,
882,CHEMBL1138125,1.0,Scientific Literature,Bioorg. Med. Chem. Lett.,2006.0,,
883,CHEMBL1134162,1.0,Scientific Literature,Bioorg. Med. Chem. Lett.,2001.0,11212102.0,
884,CHEMBL3407477,1.0,Scientific Literature,Eur. J. Med. Chem.,2015.0,25544687.0,
885,CHEMBL2157906,1.0,Scientific Literature,Bioorg. Med. Chem. Lett.,2012.0,22695132.0,
886,CHEMBL2177065,1.0,Scientific Literature,J. Med. Chem.,2012.0,23016952.0,
887,CHEMBL1129516,1.0,Scientific Literature,J. Med. Chem.,1996.0,8676350.0,
888,CHEMBL1125419,1.0,Scientific Literature,J. Med. Chem.,1992.0,,
889,,,,,,,
890,CHEMBL1135756,1.0,Scientific Literature,J. Med. Chem.,2002.0,12190304.0,
891,CHEMBL2311356,1.0,Scientific Literature,Bioorg. Med. Chem. Lett.,2013.0,23200250.0,
892,,,,,,,
893,,,,,,,
894,CHEMBL1148353,1.0,Scientific Literature,J. Med. Chem.,2004.0,,
895,,,,,,,
896,CHEMBL1141669,1.0,Scientific Literature,Eur. J. Med. Chem.,2008.0,17988766.0,
897,CHEMBL3856219,1.0,Scientific Literature,J Med Chem,2016.0,27299736.0,
898,CHEMBL1129071,1.0,Scientific Literature,J. Med. Chem.,1996.0,8642567.0,
899,,,,,,,
900,CHEMBL1129317,1.0,Scientific Literature,J. Med. Chem.,1996.0,,
901,CHEMBL1126023,1.0,Scientific Literature,J. Med. Chem.,1992.0,,
902,CHEMBL3425479,1.0,Scientific Literature,J. Med. Chem.,2015.0,,
903,,,,,,,
904,CHEMBL1149707,1.0,Scientific Literature,Bioorg. Med. Chem. Lett.,2007.0,17720493.0,
905,,,,,,,
906,CHEMBL1781976,1.0,Scientific Literature,Eur. J. Med. Chem.,2011.0,21481987.0,
907,,,,,,,
908,CHEMBL4033703,1.0,Scientific Literature,Bioorg Med Chem Lett,2017.0,28522254.0,
909,CHEMBL1154182,1.0,Scientific Literature,J. Med. Chem.,2009.0,19788201.0,
910,,,,,,,
911,CHEMBL3351422,1.0,Scientific Literature,Bioorg. Med. Chem. Lett.,2014.0,,
912,CHEMBL1138638,1.0,Scientific Literature,Bioorg. Med. Chem. Lett.,2004.0,15482950.0,
913,CHEMBL1821607,1.0,Scientific Literature,Bioorg. Med. Chem. Lett.,2011.0,21788137.0,
914,CHEMBL3632584,1.0,Scientific Literature,J. Med. Chem.,2015.0,26524472.0,
915,CHEMBL3797063,1.0,Scientific Literature,Bioorg. Med. Chem.,2016.0,27234885.0,
916,CHEMBL1129309,1.0,Scientific Literature,J. Med. Chem.,1996.0,8642554.0,
917,CHEMBL1821548,1.0,Scientific Literature,Bioorg. Med. Chem. Lett.,2011.0,21788135.0,
918,CHEMBL1122908,1.0,Scientific Literature,J. Med. Chem.,1985.0,2409281.0,
919,CHEMBL1136566,1.0,Scientific Literature,Bioorg. Med. Chem. Lett.,2003.0,12565965.0,
920,CHEMBL1126857,1.0,Scientific Literature,J. Med. Chem.,1993.0,7693944.0,
921,CHEMBL2424567,1.0,Scientific Literature,Eur. J. Med. Chem.,2013.0,,
922,CHEMBL1134717,1.0,Scientific Literature,Bioorg. Med. Chem. Lett.,2001.0,11425545.0,
923,CHEMBL1145259,1.0,Scientific Literature,Bioorg. Med. Chem. Lett.,2005.0,15863335.0,
924,CHEMBL3612012,1.0,Scientific Literature,Bioorg. Med. Chem. Lett.,2015.0,,
925,,,,,,,
926,CHEMBL1145383,1.0,Scientific Literature,J. Med. Chem.,2007.0,17539621.0,
927,CHEMBL1131607,1.0,Scientific Literature,J. Med. Chem.,1998.0,,
928,CHEMBL3758180,1.0,Scientific Literature,Eur. J. Med. Chem.,2016.0,26785295.0,
929,CHEMBL1134211,1.0,Scientific Literature,Bioorg. Med. Chem. Lett.,2001.0,11266156.0,
930,CHEMBL1124009,1.0,Scientific Literature,J. Med. Chem.,1988.0,,
931,CHEMBL1130143,1.0,Scientific Literature,J. Med. Chem.,1997.0,9288176.0,
932,CHEMBL2375316,1.0,Scientific Literature,J. Nat. Prod.,2013.0,,
933,,,,,,,
934,CHEMBL3351626,1.0,Scientific Literature,Bioorg. Med. Chem.,2014.0,25087049.0,
935,CHEMBL3351980,1.0,Scientific Literature,Eur. J. Med. Chem.,2014.0,25193297.0,
936,CHEMBL1142277,1.0,Scientific Literature,J. Med. Chem.,2008.0,18293909.0,
937,CHEMBL1765082,1.0,Scientific Literature,J. Med. Chem.,2011.0,21351746.0,
938,CHEMBL1130328,1.0,Scientific Literature,J. Med. Chem.,1997.0,,
939,CHEMBL1154776,1.0,Scientific Literature,J. Med. Chem.,2009.0,19627147.0,
940,CHEMBL1148550,1.0,Scientific Literature,Bioorg. Med. Chem. Lett.,2006.0,16236510.0,
941,CHEMBL1926591,1.0,Scientific Literature,Bioorg. Med. Chem.,2012.0,22197670.0,
942,CHEMBL1124719,1.0,Scientific Literature,J. Med. Chem.,1990.0,,
943,CHEMBL1131860,1.0,Scientific Literature,Bioorg. Med. Chem. Lett.,1999.0,10571174.0,
944,CHEMBL1149479,1.0,Scientific Literature,Bioorg. Med. Chem. Lett.,2006.0,16828552.0,
945,CHEMBL4038276,1.0,Scientific Literature,Bioorg Med Chem,2017.0,28314512.0,
946,CHEMBL3856240,1.0,Scientific Literature,Bioorg Med Chem Lett,2016.0,27567368.0,
947,CHEMBL3751670,1.0,Scientific Literature,Bioorg. Med. Chem. Lett.,2016.0,,
948,CHEMBL1781883,1.0,Scientific Literature,J. Med. Chem.,2011.0,21413804.0,
949,CHEMBL1811804,1.0,Scientific Literature,J. Nat. Prod.,2011.0,21667972.0,
950,,,,,,,
951,CHEMBL1142912,1.0,Scientific Literature,Bioorg. Med. Chem.,2007.0,,
952,CHEMBL1126091,1.0,Scientific Literature,J. Med. Chem.,1992.0,1320122.0,
953,,,,,,,
954,CHEMBL1126090,1.0,Scientific Literature,J. Med. Chem.,1992.0,1320121.0,
955,,,,,,,
956,CHEMBL2029272,1.0,Scientific Literature,Bioorg. Med. Chem. Lett.,2012.0,,
957,CHEMBL1147762,1.0,Scientific Literature,Bioorg. Med. Chem. Lett.,2006.0,,
958,CHEMBL1149881,1.0,Scientific Literature,Bioorg. Med. Chem.,2008.0,18337104.0,
959,CHEMBL4028881,1.0,Scientific Literature,J Med Chem,2017.0,29053268.0,
960,CHEMBL1154777,1.0,Scientific Literature,J. Med. Chem.,2009.0,19634902.0,
961,CHEMBL2321865,1.0,Scientific Literature,J. Med. Chem.,2013.0,23547584.0,
962,CHEMBL1773062,1.0,Scientific Literature,J. Nat. Prod.,2011.0,21338114.0,
963,CHEMBL3585296,1.0,Scientific Literature,J. Nat. Prod.,2015.0,,
964,CHEMBL3763121,1.0,Scientific Literature,Bioorg. Med. Chem.,2016.0,26944625.0,
965,CHEMBL1127406,1.0,Scientific Literature,J. Med. Chem.,1994.0,7966152.0,
966,CHEMBL3259790,1.0,Scientific Literature,ACS Med. Chem. Lett.,2014.0,24839540.0,
967,CHEMBL1139518,1.0,Scientific Literature,J. Med. Chem.,2005.0,,
968,CHEMBL1139426,1.0,Scientific Literature,Bioorg. Med. Chem.,2008.0,18701308.0,
969,CHEMBL1129440,1.0,Scientific Literature,J. Med. Chem.,1996.0,8831778.0,
970,CHEMBL4152385,1.0,Scientific Literature,J Med Chem,2018.0,30350997.0,
971,CHEMBL1144823,1.0,Scientific Literature,J. Med. Chem.,2008.0,18370374.0,
972,CHEMBL1139226,1.0,Scientific Literature,J. Med. Chem.,2007.0,17201419.0,
973,CHEMBL2203055,1.0,Scientific Literature,ACS Med. Chem. Lett.,2012.0,,
974,,,,,,,
975,CHEMBL1153251,1.0,Scientific Literature,Bioorg. Med. Chem. Lett.,2010.0,20015649.0,
976,CHEMBL2331515,1.0,Scientific Literature,J. Med. Chem.,2013.0,23477419.0,
977,CHEMBL1132914,1.0,Scientific Literature,Bioorg. Med. Chem. Lett.,2000.0,10866400.0,
978,CHEMBL1667822,1.0,Scientific Literature,Bioorg. Med. Chem. Lett.,2011.0,,
979,CHEMBL1124221,1.0,Scientific Literature,J. Med. Chem.,1988.0,2832603.0,
980,CHEMBL3351247,1.0,Scientific Literature,J. Med. Chem.,2014.0,25426797.0,
981,,,,,,,
982,CHEMBL1132386,1.0,Scientific Literature,J. Med. Chem.,1999.0,10508425.0,
983,CHEMBL3091339,1.0,Scientific Literature,J. Med. Chem.,2013.0,,
984,CHEMBL2385080,1.0,Scientific Literature,Bioorg. Med. Chem. Lett.,2013.0,23623415.0,
985,CHEMBL1133725,1.0,Scientific Literature,J. Med. Chem.,2000.0,10841791.0,
986,CHEMBL2069214,1.0,Scientific Literature,Bioorg. Med. Chem. Lett.,2012.0,,
987,CHEMBL1144618,1.0,Scientific Literature,Bioorg. Med. Chem. Lett.,2007.0,17303418.0,
988,CHEMBL1649343,1.0,Scientific Literature,J. Nat. Prod.,2010.0,,
989,CHEMBL4130624,1.0,Scientific Literature,J Med Chem,2018.0,,
990,,,,,,,
991,CHEMBL1148507,1.0,Scientific Literature,J. Med. Chem.,2006.0,16722655.0,
992,CHEMBL1131617,1.0,Scientific Literature,J. Med. Chem.,1998.0,9804688.0,
993,CHEMBL1126828,1.0,Scientific Literature,J. Med. Chem.,1993.0,8410998.0,
994,,,,,,,
995,CHEMBL1129670,1.0,Scientific Literature,J. Med. Chem.,1996.0,8558529.0,
996,CHEMBL1152799,1.0,Scientific Literature,J. Med. Chem.,2009.0,19253970.0,
997,CHEMBL3774372,1.0,Scientific Literature,Bioorg. Med. Chem.,2016.0,26988801.0,
998,CHEMBL4229338,1.0,Scientific Literature,Bioorg Med Chem Lett,2018.0,29426768.0,
999,,,,,,,
1000,CHEMBL1140203,1.0,Scientific Literature,J. Med. Chem.,2008.0,,
1001,CHEMBL1156397,1.0,Scientific Literature,J. Nat. Prod.,2001.0,,
1002,CHEMBL1122615,1.0,Scientific Literature,J. Med. Chem.,1984.0,6090663.0,
1003,CHEMBL3351968,1.0,Scientific Literature,Bioorg. Med. Chem. Lett.,2014.0,25168746.0,
1004,CHEMBL1144622,1.0,Scientific Literature,Bioorg. Med. Chem. Lett.,2007.0,17307360.0,
1005,,,,,,,
1006,CHEMBL1133722,1.0,Scientific Literature,J. Med. Chem.,2000.0,10780914.0,
1007,,,,,,,
1008,CHEMBL4033764,1.0,Scientific Literature,ACS Med Chem Lett,2017.0,28740600.0,
1009,CHEMBL2203234,1.0,Scientific Literature,Bioorg. Med. Chem. Lett.,2012.0,,
1010,CHEMBL1154203,1.0,Scientific Literature,Bioorg. Med. Chem. Lett.,2009.0,19647430.0,
1011,CHEMBL4007424,1.0,Scientific Literature,J Med Chem,2017.0,28218838.0,
1012,CHEMBL4184197,1.0,Scientific Literature,Bioorg Med Chem,2018.0,,
1013,CHEMBL3124851,1.0,Scientific Literature,J. Nat. Prod.,2014.0,,
1014,CHEMBL1136886,1.0,Scientific Literature,Bioorg. Med. Chem. Lett.,2009.0,19398200.0,
1015,,,,,,,
1016,CHEMBL1148818,1.0,Scientific Literature,J. Med. Chem.,2007.0,,
1017,,,,,,,
1018,CHEMBL1157430,1.0,Scientific Literature,Bioorg. Med. Chem. Lett.,2008.0,18515099.0,
1019,CHEMBL3751848,1.0,Scientific Literature,Bioorg. Med. Chem. Lett.,2016.0,26739781.0,
1020,CHEMBL1134568,1.0,Scientific Literature,J. Med. Chem.,2001.0,11495592.0,
1021,CHEMBL1139705,1.0,Scientific Literature,Bioorg. Med. Chem. Lett.,2006.0,16945525.0,
1022,CHEMBL1125719,1.0,Scientific Literature,J. Med. Chem.,1991.0,1846918.0,
1023,,,,,,,
1024,CHEMBL1240489,1.0,Scientific Literature,J. Med. Chem.,2010.0,20684563.0,
1025,CHEMBL1154934,1.0,Scientific Literature,Bioorg. Med. Chem. Lett.,2010.0,20137933.0,
1026,CHEMBL2384969,1.0,Scientific Literature,ACS Med. Chem. Lett.,2013.0,,
1027,,,,,,,
1028,CHEMBL1914335,1.0,Scientific Literature,Bioorg. Med. Chem.,2011.0,21967807.0,
1029,CHEMBL4130639,1.0,Scientific Literature,J Med Chem,2018.0,29990431.0,
1030,CHEMBL1156052,1.0,Scientific Literature,J. Med. Chem.,2009.0,,
1031,CHEMBL1151982,1.0,Scientific Literature,J. Nat. Prod.,2009.0,,
1032,CHEMBL1125772,1.0,Scientific Literature,J. Med. Chem.,1991.0,,
1033,CHEMBL2157973,1.0,Scientific Literature,Bioorg. Med. Chem. Lett.,2012.0,,
1034,CHEMBL2016473,1.0,Scientific Literature,Bioorg. Med. Chem. Lett.,2012.0,22460026.0,
1035,CHEMBL1131192,1.0,Scientific Literature,J. Med. Chem.,1998.0,,
1036,CHEMBL1156740,1.0,Scientific Literature,Bioorg. Med. Chem. Lett.,2009.0,,
1037,CHEMBL1136941,1.0,Scientific Literature,Bioorg. Med. Chem. Lett.,2009.0,19447610.0,
1038,CHEMBL1158597,1.0,Scientific Literature,Bioorg. Med. Chem. Lett.,2010.0,20483601.0,
1039,CHEMBL1141168,1.0,Scientific Literature,J. Med. Chem.,2005.0,15658846.0,
1040,,,,,,,
1041,CHEMBL4052747,1.0,Scientific Literature,Bioorg Med Chem Lett,2017.0,28688957.0,
1042,CHEMBL3632575,1.0,Scientific Literature,J. Med. Chem.,2015.0,26491810.0,
1043,,,,,,,
1044,CHEMBL2412971,1.0,Scientific Literature,Bioorg. Med. Chem. Lett.,2013.0,,
1045,CHEMBL1255567,1.0,Scientific Literature,J. Med. Chem.,2010.0,,
1046,CHEMBL1126237,1.0,Scientific Literature,J. Med. Chem.,1992.0,1319493.0,
1047,CHEMBL1153191,1.0,Scientific Literature,Bioorg. Med. Chem. Lett.,2010.0,19963374.0,
1048,CHEMBL1144031,1.0,Scientific Literature,Bioorg. Med. Chem. Lett.,2008.0,,
1049,CHEMBL1156503,1.0,Scientific Literature,J. Biol. Chem.,2007.0,17702750.0,
1050,CHEMBL2417457,1.0,Scientific Literature,Bioorg. Med. Chem. Lett.,2013.0,,
1051,CHEMBL2157975,1.0,Scientific Literature,Bioorg. Med. Chem. Lett.,2012.0,,
1052,CHEMBL1795328,1.0,Scientific Literature,Bioorg. Med. Chem. Lett.,2011.0,21641219.0,
1053,CHEMBL1955837,1.0,Scientific Literature,J. Med. Chem.,2012.0,,
1054,CHEMBL1140697,1.0,Scientific Literature,J. Med. Chem.,2008.0,18067245.0,
1055,CHEMBL1154904,1.0,Scientific Literature,J. Med. Chem.,2010.0,,
1056,CHEMBL1144321,1.0,Scientific Literature,Bioorg. Med. Chem. Lett.,2005.0,15686919.0,
1057,CHEMBL1137588,1.0,Scientific Literature,Bioorg. Med. Chem. Lett.,2007.0,,
1058,,,,,,,
1059,CHEMBL1671793,1.0,Scientific Literature,Bioorg. Med. Chem.,2011.0,21256034.0,
1060,CHEMBL2321687,1.0,Scientific Literature,Bioorg. Med. Chem. Lett.,2013.0,,
1061,CHEMBL1141989,1.0,Scientific Literature,Bioorg. Med. Chem. Lett.,2005.0,15713370.0,
1062,CHEMBL1156601,1.0,Scientific Literature,Bioorg. Med. Chem. Lett.,2008.0,18674898.0,
1063,CHEMBL1126150,1.0,Scientific Literature,J. Med. Chem.,1992.0,1310743.0,
1064,CHEMBL4184171,1.0,Scientific Literature,Bioorg Med Chem Lett,2018.0,,
1065,CHEMBL3232855,1.0,Scientific Literature,J. Med. Chem.,2014.0,,
1066,CHEMBL1781986,1.0,Scientific Literature,Bioorg. Med. Chem. Lett.,2011.0,,
1067,,,,,,,
1068,CHEMBL1149338,1.0,Scientific Literature,Bioorg. Med. Chem. Lett.,2006.0,16777411.0,
1069,,,,,,,
1070,CHEMBL1153498,1.0,Scientific Literature,Bioorg. Med. Chem.,2009.0,19620007.0,
1071,CHEMBL4118152,1.0,Scientific Literature,J Med Chem,2018.0,,
1072,,,,,,,
1073,CHEMBL1124535,1.0,Scientific Literature,J. Med. Chem.,1989.0,2567782.0,
1074,CHEMBL3351646,1.0,Scientific Literature,Bioorg. Med. Chem. Lett.,2014.0,24881566.0,
1075,CHEMBL1125142,1.0,Scientific Literature,J. Med. Chem.,1990.0,2153208.0,
1076,CHEMBL1140924,1.0,Scientific Literature,J. Med. Chem.,2009.0,,
1077,CHEMBL1134881,1.0,Scientific Literature,Bioorg. Med. Chem. Lett.,2002.0,12161117.0,
1078,CHEMBL1127741,1.0,Scientific Literature,J. Med. Chem.,1994.0,8035420.0,
1079,CHEMBL1145271,1.0,Scientific Literature,Bioorg. Med. Chem. Lett.,2005.0,15869877.0,
1080,CHEMBL3808316,1.0,Scientific Literature,Bioorg. Med. Chem.,2016.0,27185012.0,
1081,,,,,,,
1082,,,,,,,
1083,CHEMBL1147988,1.0,Scientific Literature,Eur. J. Med. Chem.,2007.0,17420073.0,
1084,CHEMBL3102719,1.0,Scientific Literature,Bioorg. Med. Chem. Lett.,2014.0,,
1085,CHEMBL1125895,1.0,Scientific Literature,J. Med. Chem.,1991.0,1648141.0,
1086,CHEMBL1138460,1.0,Scientific Literature,Bioorg. Med. Chem. Lett.,2009.0,19349178.0,
1087,CHEMBL3758150,1.0,Scientific Literature,Eur. J. Med. Chem.,2016.0,,
1088,CHEMBL1142779,1.0,Scientific Literature,Bioorg. Med. Chem. Lett.,2005.0,15993589.0,
1089,CHEMBL1221364,1.0,Scientific Literature,Bioorg. Med. Chem.,2010.0,20709559.0,
1090,CHEMBL1153184,1.0,Scientific Literature,Bioorg. Med. Chem. Lett.,2010.0,19962305.0,
1091,CHEMBL4190271,1.0,Scientific Literature,J Nat Prod,2017.0,28718638.0,
1092,CHEMBL1770103,1.0,Scientific Literature,Eur. J. Med. Chem.,2011.0,21392859.0,
1093,CHEMBL2424574,1.0,Scientific Literature,J. Med. Chem.,2013.0,,
1094,,,,,,,
1095,CHEMBL1124379,1.0,Scientific Literature,J. Med. Chem.,1989.0,,
1096,CHEMBL1132988,1.0,Scientific Literature,J. Med. Chem.,2000.0,10753461.0,
1097,CHEMBL1138911,1.0,Scientific Literature,Bioorg. Med. Chem. Lett.,2006.0,16650985.0,
1098,CHEMBL2150882,1.0,Scientific Literature,Bioorg. Med. Chem. Lett.,2012.0,,
1099,CHEMBL3351944,1.0,Scientific Literature,J. Nat. Prod.,2014.0,25075762.0,
1100,CHEMBL1141037,1.0,Scientific Literature,Bioorg. Med. Chem. Lett.,2005.0,16051487.0,
1101,CHEMBL1240486,1.0,Scientific Literature,J. Med. Chem.,2010.0,20681583.0,
1102,CHEMBL1275331,1.0,Scientific Literature,J. Med. Chem.,2010.0,20931963.0,
1103,CHEMBL2010673,1.0,Scientific Literature,Bioorg. Med. Chem. Lett.,2012.0,,
1104,CHEMBL1132816,1.0,Scientific Literature,Bioorg. Med. Chem. Lett.,2000.0,11086731.0,
1105,CHEMBL2176977,1.0,Scientific Literature,J. Med. Chem.,2012.0,23043264.0,
1106,CHEMBL1149912,1.0,Scientific Literature,J. Med. Chem.,2008.0,,
1107,CHEMBL1125016,1.0,Scientific Literature,J. Med. Chem.,1990.0,2172538.0,
1108,CHEMBL1148372,1.0,Scientific Literature,J. Med. Chem.,2004.0,15239663.0,
1109,CHEMBL3784976,1.0,Scientific Literature,J. Med. Chem.,2016.0,,
1110,CHEMBL1159093,1.0,Scientific Literature,Bioorg. Med. Chem. Lett.,2010.0,,
1111,CHEMBL1159113,1.0,Scientific Literature,Bioorg. Med. Chem. Lett.,2010.0,20056539.0,
1112,CHEMBL3808387,1.0,Scientific Literature,ACS Med. Chem. Lett.,2016.0,27190594.0,
1113,CHEMBL1208724,1.0,Scientific Literature,Bioorg. Med. Chem. Lett.,2010.0,20591666.0,
1114,,,,,,,
1115,CHEMBL3393026,1.0,Scientific Literature,Bioorg. Med. Chem. Lett.,2015.0,25556095.0,
1116,CHEMBL2321744,1.0,Scientific Literature,J. Med. Chem.,2013.0,,
1117,CHEMBL3817762,1.0,Scientific Literature,J. Med. Chem.,2016.0,,
1118,CHEMBL3769376,1.0,Scientific Literature,J. Med. Chem.,2016.0,,
1119,CHEMBL1124573,1.0,Scientific Literature,J. Med. Chem.,1989.0,2547074.0,
1120,CHEMBL1165960,1.0,Scientific Literature,Bioorg. Med. Chem.,2010.0,20478711.0,
1121,CHEMBL1221313,1.0,Scientific Literature,Bioorg. Med. Chem. Lett.,2010.0,20685120.0,
1122,CHEMBL1149423,1.0,Scientific Literature,Bioorg. Med. Chem. Lett.,2006.0,16263278.0,
1123,CHEMBL1135635,1.0,Scientific Literature,J. Med. Chem.,2002.0,12383009.0,
1124,CHEMBL4000185,1.0,Scientific Literature,J Med Chem,2017.0,27997171.0,
1125,CHEMBL1141696,1.0,Scientific Literature,Bioorg. Med. Chem. Lett.,2008.0,18755589.0,
1126,,,,,,,
1127,CHEMBL3774335,1.0,Scientific Literature,J. Med. Chem.,2016.0,26390077.0,
1128,CHEMBL1126201,1.0,Scientific Literature,J. Med. Chem.,1992.0,,
1129,CHEMBL1145579,1.0,Scientific Literature,Bioorg. Med. Chem. Lett.,2008.0,18502123.0,
1130,CHEMBL4038306,1.0,Scientific Literature,J Med Chem,2017.0,28636348.0,
1131,CHEMBL2146410,1.0,Scientific Literature,ACS Med. Chem. Lett.,2010.0,,
1132,CHEMBL3769388,1.0,Scientific Literature,J. Med. Chem.,2016.0,,
1133,CHEMBL1124598,1.0,Scientific Literature,J. Med. Chem.,1989.0,2549247.0,
1134,CHEMBL3352377,1.0,Scientific Literature,J. Med. Chem.,2015.0,,
1135,CHEMBL1140667,1.0,Scientific Literature,Bioorg. Med. Chem. Lett.,2007.0,17583504.0,
1136,CHEMBL1157450,1.0,Scientific Literature,Bioorg. Med. Chem. Lett.,2008.0,18524591.0,
1137,,,,,,,
1138,CHEMBL1795257,1.0,Scientific Literature,Bioorg. Med. Chem. Lett.,2011.0,21641798.0,
1139,CHEMBL2390902,1.0,Scientific Literature,Bioorg. Med. Chem. Lett.,2013.0,,
1140,CHEMBL2029319,1.0,Scientific Literature,Bioorg. Med. Chem. Lett.,2012.0,22583618.0,
1141,CHEMBL1125782,1.0,Scientific Literature,J. Med. Chem.,1991.0,1659636.0,
1142,CHEMBL1124288,1.0,Scientific Literature,J. Med. Chem.,1988.0,2831363.0,
1143,CHEMBL1153857,1.0,Scientific Literature,Eur. J. Med. Chem.,2009.0,18499305.0,
1144,,,,,,,
1145,CHEMBL1139653,1.0,Scientific Literature,Bioorg. Med. Chem. Lett.,2006.0,,
1146,CHEMBL1154342,1.0,Scientific Literature,Bioorg. Med. Chem. Lett.,2009.0,,
1147,CHEMBL3600314,1.0,Scientific Literature,Bioorg. Med. Chem. Lett.,2015.0,,
1148,CHEMBL1140705,1.0,Scientific Literature,J. Med. Chem.,2008.0,,
1149,CHEMBL1149874,1.0,Scientific Literature,Bioorg. Med. Chem.,2008.0,,
1150,,,,,,,
1151,CHEMBL1132478,1.0,Scientific Literature,J. Med. Chem.,1999.0,,
1152,CHEMBL1132477,1.0,Scientific Literature,J. Med. Chem.,1999.0,10579841.0,
1153,CHEMBL1833814,1.0,Scientific Literature,Bioorg. Med. Chem. Lett.,2011.0,,
1154,CHEMBL1121981,1.0,Scientific Literature,J. Med. Chem.,1982.0,7154002.0,
1155,CHEMBL3804799,1.0,Scientific Literature,J. Med. Chem.,2016.0,,
1156,CHEMBL1147404,1.0,Scientific Literature,Bioorg. Med. Chem. Lett.,2004.0,,
1157,CHEMBL1132446,1.0,Scientific Literature,J. Med. Chem.,1999.0,,
1158,CHEMBL4020829,1.0,Scientific Literature,J Med Chem,2018.0,,
1159,CHEMBL2046316,1.0,Scientific Literature,ACS Med. Chem. Lett.,2012.0,,
1160,,,,,,,
1161,CHEMBL2429761,1.0,Scientific Literature,ACS Med. Chem. Lett.,2013.0,,
1162,,,,,,,
1163,CHEMBL1138464,1.0,Scientific Literature,J. Med. Chem.,2009.0,,
1164,CHEMBL1955785,1.0,Scientific Literature,Bioorg. Med. Chem. Lett.,2012.0,,
1165,CHEMBL1155981,1.0,Scientific Literature,Bioorg. Med. Chem. Lett.,2009.0,,
1166,,,,,,,
1167,CHEMBL1128522,1.0,Scientific Literature,J. Med. Chem.,1995.0,,
1168,CHEMBL1128747,1.0,Scientific Literature,J. Med. Chem.,1995.0,,
1169,CHEMBL3421561,1.0,Scientific Literature,J. Med. Chem.,2015.0,,
1170,CHEMBL1144275,1.0,Scientific Literature,Bioorg. Med. Chem. Lett.,2005.0,15664820.0,
1171,CHEMBL1144273,1.0,Scientific Literature,Bioorg. Med. Chem. Lett.,2005.0,15664818.0,
1172,,,,,,,
1173,CHEMBL1151768,1.0,Scientific Literature,J. Nat. Prod.,2008.0,,
1174,CHEMBL4017502,1.0,Scientific Literature,J Med Chem,2017.0,,
1175,CHEMBL1154631,1.0,Scientific Literature,Bioorg. Med. Chem. Lett.,2009.0,,
1176,CHEMBL4049436,1.0,Scientific Literature,J Med Chem,2017.0,,
1177,CHEMBL1134438,1.0,Scientific Literature,J. Med. Chem.,2001.0,,
1178,CHEMBL1140446,1.0,Scientific Literature,J. Med. Chem.,2005.0,,
1179,CHEMBL1139377,1.0,Scientific Literature,J. Med. Chem.,2009.0,,
1180,CHEMBL1127070,1.0,Scientific Literature,J. Med. Chem.,1993.0,,
1181,,,,,,,
1182,CHEMBL2440065,1.0,Scientific Literature,J. Med. Chem.,2013.0,,
1183,CHEMBL1143632,1.0,Scientific Literature,J. Med. Chem.,2005.0,15857130.0,
1184,CHEMBL1136639,1.0,Scientific Literature,Bioorg. Med. Chem. Lett.,2003.0,,
1185,CHEMBL1828538,1.0,Scientific Literature,Eur. J. Med. Chem.,2011.0,,
1186,CHEMBL1125722,1.0,Scientific Literature,J. Med. Chem.,1991.0,,
1187,CHEMBL3621160,1.0,Scientific Literature,Bioorg. Med. Chem. Lett.,2015.0,,
1188,CHEMBL1155906,1.0,Scientific Literature,Bioorg. Med. Chem. Lett.,2008.0,,
1189,CHEMBL1147037,1.0,Scientific Literature,J. Biol. Chem.,2007.0,,
1190,CHEMBL2169844,1.0,Scientific Literature,Bioorg. Med. Chem. Lett.,2012.0,,
1191,CHEMBL1136668,1.0,Scientific Literature,Bioorg. Med. Chem. Lett.,2003.0,,
1192,,,,,,,
1193,CHEMBL2034871,1.0,Scientific Literature,J. Med. Chem.,2012.0,,
1194,CHEMBL1142053,1.0,Scientific Literature,Bioorg. Med. Chem. Lett.,2005.0,15780604.0,
1195,CHEMBL1132896,1.0,Scientific Literature,Bioorg. Med. Chem. Lett.,2000.0,,
1196,CHEMBL4196199,1.0,Scientific Literature,J Med Chem,2018.0,,
1197,,,,,,,
1198,,,,,,,
1199,CHEMBL1126907,1.0,Scientific Literature,J. Med. Chem.,1993.0,8246236.0,
1200,CHEMBL1122146,1.0,Scientific Literature,J. Med. Chem.,1982.0,,
1201,CHEMBL1124991,1.0,Scientific Literature,J. Med. Chem.,1990.0,,
1202,CHEMBL3400139,1.0,Scientific Literature,Bioorg. Med. Chem. Lett.,2015.0,,
1203,,,,,,,
1204,CHEMBL2440019,1.0,Scientific Literature,J. Med. Chem.,2013.0,,
1205,CHEMBL1156983,1.0,Scientific Literature,J. Med. Chem.,2010.0,,
1206,CHEMBL2385076,1.0,Scientific Literature,Bioorg. Med. Chem. Lett.,2013.0,,
1207,CHEMBL3091405,1.0,Scientific Literature,Bioorg. Med. Chem. Lett.,2013.0,24220171.0,
1208,CHEMBL1152183,1.0,Scientific Literature,Bioorg. Med. Chem. Lett.,2008.0,18990569.0,
1209,CHEMBL3627649,1.0,Scientific Literature,J. Med. Chem.,2015.0,,
1210,,,,,,,
1211,CHEMBL1124374,1.0,Scientific Literature,J. Med. Chem.,1989.0,,
1212,CHEMBL1772975,1.0,Scientific Literature,J. Med. Chem.,2011.0,,
1213,CHEMBL1135467,1.0,Scientific Literature,J. Med. Chem.,2002.0,,
1214,CHEMBL3091304,1.0,Scientific Literature,Bioorg. Med. Chem.,2013.0,,
1215,CHEMBL4265876,1.0,Scientific Literature,J Nat Prod,2017.0,,
1216,CHEMBL1156007,1.0,Scientific Literature,Bioorg. Med. Chem. Lett.,2009.0,,
1217,CHEMBL2311398,1.0,Scientific Literature,J. Med. Chem.,2013.0,,
1218,CHEMBL1156813,1.0,Scientific Literature,J. Med. Chem.,2010.0,,
1219,CHEMBL3400053,1.0,Scientific Literature,Bioorg. Med. Chem. Lett.,2015.0,,
1220,CHEMBL1240336,1.0,Scientific Literature,Nat. Chem. Biol.,2008.0,,
1221,CHEMBL3785031,1.0,Scientific Literature,Eur. J. Med. Chem.,2016.0,27043173.0,
1222,CHEMBL2163233,1.0,Scientific Literature,J. Med. Chem.,2012.0,,
1223,CHEMBL3864163,1.0,Scientific Literature,Bioorg Med Chem Lett,2016.0,,
1224,CHEMBL1125499,1.0,Scientific Literature,J. Med. Chem.,1992.0,,
1225,,,,,,,
1226,CHEMBL1833839,1.0,Scientific Literature,Bioorg. Med. Chem. Lett.,2011.0,,
1227,CHEMBL3217593,1.0,Scientific Literature,MedChemComm,2013.0,,
1228,CHEMBL1130962,1.0,Scientific Literature,Bioorg. Med. Chem. Lett.,1998.0,9873568.0,
1229,CHEMBL1806441,1.0,Scientific Literature,Bioorg. Med. Chem. Lett.,2011.0,,
1230,CHEMBL3774369,1.0,Scientific Literature,ACS Med. Chem. Lett.,2016.0,,
1231,CHEMBL1149474,1.0,Scientific Literature,Bioorg. Med. Chem. Lett.,2006.0,16814543.0,
1232,,,,,,,
1233,,,,,,,
1234,,,,,,,
1235,CHEMBL1141623,1.0,Scientific Literature,Bioorg. Med. Chem. Lett.,2008.0,,
1236,CHEMBL3259666,1.0,Scientific Literature,J. Med. Chem.,2014.0,,
1237,CHEMBL1123752,1.0,Scientific Literature,J. Med. Chem.,1987.0,,
1238,,,,,,,
1239,CHEMBL1141194,1.0,Scientific Literature,J. Med. Chem.,2005.0,,
1240,CHEMBL1123122,1.0,Scientific Literature,J. Med. Chem.,1985.0,,
1241,CHEMBL1127434,1.0,Scientific Literature,J. Med. Chem.,1994.0,,
1242,,,,,,,
1243,CHEMBL2331423,1.0,Scientific Literature,J. Med. Chem.,2013.0,,
1244,CHEMBL2401678,1.0,Scientific Literature,Bioorg. Med. Chem. Lett.,2013.0,,
1245,CHEMBL4270665,1.0,Scientific Literature,J Med Chem,2018.0,,
1246,CHEMBL1137103,1.0,Scientific Literature,Bioorg. Med. Chem. Lett.,2004.0,,
1247,CHEMBL4028804,1.0,Scientific Literature,J Med Chem,2017.0,,
1248,CHEMBL2429786,1.0,Scientific Literature,J. Med. Chem.,2013.0,,
1249,CHEMBL3351343,1.0,Scientific Literature,J. Med. Chem.,2014.0,,
1250,CHEMBL1135490,1.0,Scientific Literature,J. Med. Chem.,2002.0,,
1251,CHEMBL1124975,1.0,Scientific Literature,J. Med. Chem.,1990.0,,
1252,,,,,,,
1253,CHEMBL1141907,1.0,Scientific Literature,Bioorg. Med. Chem. Lett.,2005.0,,
1254,CHEMBL1133148,1.0,Scientific Literature,Bioorg. Med. Chem. Lett.,2000.0,,
1255,CHEMBL4145594,1.0,Scientific Literature,ACS Med Chem Lett,2018.0,,
1256,CHEMBL1138781,1.0,Scientific Literature,J. Med. Chem.,2004.0,,
1257,CHEMBL1287706,1.0,Scientific Literature,Bioorg. Med. Chem.,2010.0,,
1258,CHEMBL1157802,1.0,Scientific Literature,Bioorg. Med. Chem. Lett.,2010.0,,
1259,CHEMBL1125775,1.0,Scientific Literature,J. Med. Chem.,1991.0,,
1260,CHEMBL1149431,1.0,Scientific Literature,Bioorg. Med. Chem. Lett.,2006.0,,
1261,CHEMBL1138975,1.0,Scientific Literature,Bioorg. Med. Chem. Lett.,2006.0,16762548.0,
1262,CHEMBL2029200,1.0,Scientific Literature,Bioorg. Med. Chem. Lett.,2012.0,,
1263,CHEMBL3286182,1.0,Scientific Literature,J. Med. Chem.,2014.0,,
1264,CHEMBL1828600,1.0,Scientific Literature,Eur. J. Med. Chem.,2011.0,,
1265,CHEMBL1145308,1.0,Scientific Literature,Bioorg. Med. Chem. Lett.,2006.0,16762550.0,
1266,CHEMBL1141555,1.0,Scientific Literature,Bioorg. Med. Chem. Lett.,2008.0,,
1267,CHEMBL2440098,1.0,Scientific Literature,Bioorg. Med. Chem.,2013.0,,
1268,,,,,,,
1269,CHEMBL1138974,1.0,Scientific Literature,Bioorg. Med. Chem. Lett.,2006.0,16757170.0,
1270,CHEMBL3792364,1.0,Scientific Literature,Bioorg. Med. Chem. Lett.,2016.0,,
1271,CHEMBL1124886,1.0,Scientific Literature,J. Med. Chem.,1990.0,2165166.0,
1272,,,,,,,
1273,CHEMBL1152790,1.0,Scientific Literature,J. Med. Chem.,2009.0,,
1274,CHEMBL1139795,1.0,Scientific Literature,Bioorg. Med. Chem. Lett.,2007.0,,
1275,CHEMBL1124426,1.0,Scientific Literature,J. Med. Chem.,1989.0,,
1276,CHEMBL1155963,1.0,Scientific Literature,Bioorg. Med. Chem. Lett.,2009.0,,
1277,CHEMBL3085664,1.0,Scientific Literature,J. Med. Chem.,2013.0,,
1278,CHEMBL2062521,1.0,Scientific Literature,Eur. J. Med. Chem.,2012.0,22898529.0,
1279,CHEMBL3098003,1.0,Scientific Literature,ACS Med. Chem. Lett.,2013.0,,
1280,CHEMBL3751833,1.0,Scientific Literature,Bioorg. Med. Chem. Lett.,2016.0,,
1281,CHEMBL1130212,1.0,Scientific Literature,J. Med. Chem.,1997.0,,
1282,CHEMBL1147765,1.0,Scientific Literature,Bioorg. Med. Chem. Lett.,2006.0,16246561.0,
1283,CHEMBL4130628,1.0,Scientific Literature,J Med Chem,2018.0,,
1284,CHEMBL1126308,1.0,Scientific Literature,J. Med. Chem.,1992.0,,
1285,CHEMBL1142692,1.0,Scientific Literature,J. Med. Chem.,2005.0,,
1286,CHEMBL1148567,1.0,Scientific Literature,Bioorg. Med. Chem. Lett.,2006.0,16246557.0,
1287,CHEMBL1137050,1.0,Scientific Literature,Bioorg. Med. Chem. Lett.,2004.0,15454210.0,
1288,,,,,,,
1289,,,,,,,
1290,CHEMBL1138013,1.0,Scientific Literature,Bioorg. Med. Chem. Lett.,2004.0,15482911.0,
1291,CHEMBL1124051,1.0,Scientific Literature,J. Med. Chem.,1988.0,,
1292,CHEMBL1155862,1.0,Scientific Literature,J. Med. Chem.,2008.0,18624395.0,
1293,CHEMBL1153085,1.0,Scientific Literature,Bioorg. Med. Chem.,2009.0,19879767.0,
1294,CHEMBL1137140,1.0,Scientific Literature,Bioorg. Med. Chem. Lett.,2004.0,15225731.0,
1295,,,,,,,
1296,,,,,,,
1297,,,,,,,
1298,,,,,,,
1299,,,,,,,
1300,CHEMBL1139601,1.0,Scientific Literature,Bioorg. Med. Chem. Lett.,2005.0,15911276.0,
1301,CHEMBL1153467,1.0,Scientific Literature,Bioorg. Med. Chem. Lett.,2009.0,19604695.0,
1302,,,,,,,
1303,,,,,,,
1304,CHEMBL1138905,1.0,Scientific Literature,Bioorg. Med. Chem. Lett.,2006.0,16621546.0,
1305,CHEMBL1153068,1.0,Scientific Literature,Bioorg. Med. Chem.,2009.0,19577933.0,
1306,,,,,,,
1307,,,,,,,
1308,CHEMBL1148673,1.0,Scientific Literature,Bioorg. Med. Chem. Lett.,2006.0,16876401.0,
1309,CHEMBL1133453,1.0,Scientific Literature,J. Med. Chem.,2000.0,10956188.0,
1310,,,,,,,
1311,,,,,,,
1312,CHEMBL1142464,1.0,Scientific Literature,Bioorg. Med. Chem.,2008.0,18818087.0,
1313,CHEMBL1629538,1.0,Scientific Literature,J. Med. Chem.,2010.0,21067234.0,
1314,,,,,,,
1315,,,,,,,
1316,,,,,,,
1317,CHEMBL2202974,1.0,Scientific Literature,J. Med. Chem.,2011.0,21438532.0,
1318,CHEMBL1134643,1.0,Scientific Literature,J. Med. Chem.,2001.0,11689082.0,
1319,CHEMBL1142261,1.0,Scientific Literature,Bioorg. Med. Chem.,2008.0,18068993.0,
1320,CHEMBL1134636,1.0,Scientific Literature,J. Med. Chem.,2001.0,11689089.0,
1321,,,,,,,
1322,,,,,,,
1323,CHEMBL3351468,1.0,Scientific Literature,Bioorg. Med. Chem.,2014.0,25284251.0,
1324,CHEMBL1142699,1.0,Scientific Literature,J. Med. Chem.,2005.0,15743186.0,
1325,CHEMBL1146032,1.0,Scientific Literature,Bioorg. Med. Chem. Lett.,2006.0,16714110.0,
1326,,,,,,,
1327,,,,,,,
1328,CHEMBL1135568,1.0,Scientific Literature,J. Med. Chem.,2002.0,12431054.0,
1329,CHEMBL1128914,1.0,Scientific Literature,Bioorg. Med. Chem. Lett.,1996.0,,
1330,CHEMBL1126995,1.0,Scientific Literature,Bioorg. Med. Chem. Lett.,1993.0,,
1331,CHEMBL3638770,37.0,BindingDB Database,,2015.0,,
1332,CHEMBL3886452,37.0,BindingDB Database,,2015.0,,
1333,CHEMBL1151084,1.0,Scientific Literature,Bioorg. Med. Chem. Lett.,1994.0,,
1334,CHEMBL3217747,1.0,Scientific Literature,MedChemComm,2011.0,,
1335,CHEMBL1128099,1.0,Scientific Literature,Bioorg. Med. Chem. Lett.,1995.0,,
1336,CHEMBL3886266,37.0,BindingDB Database,,2015.0,,
1337,CHEMBL1127260,1.0,Scientific Literature,Bioorg. Med. Chem. Lett.,1994.0,,
1338,CHEMBL1151595,1.0,Scientific Literature,Bioorg. Med. Chem. Lett.,1994.0,,
1339,CHEMBL3217574,1.0,Scientific Literature,MedChemComm,2011.0,,
1340,CHEMBL3886630,37.0,BindingDB Database,,2016.0,,
1341,CHEMBL4257493,1.0,Scientific Literature,MedChemComm,2018.0,,
1342,CHEMBL1128158,1.0,Scientific Literature,Bioorg. Med. Chem. Lett.,1995.0,,
1343,CHEMBL1128168,1.0,Scientific Literature,Bioorg. Med. Chem. Lett.,1995.0,,
1344,CHEMBL3879907,38.0,Patent Bioactivity Data,,2014.0,,
1345,CHEMBL3639331,37.0,BindingDB Database,,2015.0,,
1346,CHEMBL3638455,37.0,BindingDB Database,,2015.0,,
1347,CHEMBL3638450,37.0,BindingDB Database,,2013.0,,
1348,CHEMBL1128775,1.0,Scientific Literature,Bioorg. Med. Chem. Lett.,1995.0,,
1349,CHEMBL1201862,7.0,PubChem BioAssays,,,,
1350,CHEMBL1128783,1.0,Scientific Literature,Bioorg. Med. Chem. Lett.,1995.0,,
1351,CHEMBL3734659,1.0,Scientific Literature,MedChemComm,2015.0,,
1352,CHEMBL3639368,37.0,BindingDB Database,,2015.0,,
1353,CHEMBL1127226,1.0,Scientific Literature,Bioorg. Med. Chem. Lett.,1993.0,,
1354,CHEMBL1151564,1.0,Scientific Literature,Bioorg. Med. Chem. Lett.,1997.0,,
1355,CHEMBL3638402,37.0,BindingDB Database,,2015.0,,
1356,CHEMBL3727357,38.0,Patent Bioactivity Data,,2010.0,,
1357,CHEMBL3880403,38.0,Patent Bioactivity Data,,2006.0,,
1358,CHEMBL1128801,1.0,Scientific Literature,Bioorg. Med. Chem. Lett.,1995.0,,
1359,CHEMBL1126401,1.0,Scientific Literature,Bioorg. Med. Chem. Lett.,1992.0,,
1360,CHEMBL3785048,1.0,Scientific Literature,MedChemComm,2016.0,,
1361,CHEMBL1909046,15.0,DrugMatrix,,,,
1362,CHEMBL3638667,37.0,BindingDB Database,,2014.0,,
1363,CHEMBL1126435,1.0,Scientific Literature,Bioorg. Med. Chem. Lett.,1992.0,,
1364,CHEMBL1128854,1.0,Scientific Literature,Bioorg. Med. Chem. Lett.,1995.0,,
1365,CHEMBL1152040,1.0,Scientific Literature,Bioorg. Med. Chem. Lett.,1997.0,,
1366,CHEMBL1152046,1.0,Scientific Literature,Bioorg. Med. Chem. Lett.,1997.0,,
1367,CHEMBL4184082,1.0,Scientific Literature,Bioorg Med Chem Lett,2018.0,,
1368,CHEMBL3886144,37.0,BindingDB Database,,2014.0,,
1369,CHEMBL1152082,1.0,Scientific Literature,Bioorg. Med. Chem. Lett.,1992.0,,
1370,CHEMBL3886987,37.0,BindingDB Database,,2016.0,,
1371,CHEMBL1130557,1.0,Scientific Literature,Bioorg. Med. Chem. Lett.,1997.0,,
1372,CHEMBL1153681,1.0,Scientific Literature,Bioorg. Med. Chem. Lett.,1992.0,,
1373,CHEMBL1153667,1.0,Scientific Literature,Bioorg. Med. Chem. Lett.,1996.0,,
1374,CHEMBL3886520,37.0,BindingDB Database,,2016.0,,
1375,CHEMBL1153675,1.0,Scientific Literature,Bioorg. Med. Chem. Lett.,1996.0,,
1376,CHEMBL3639083,37.0,BindingDB Database,,2013.0,,
1377,CHEMBL3886551,37.0,BindingDB Database,,2016.0,,
1378,CHEMBL4138045,1.0,Scientific Literature,MedChemComm,2017.0,,
1379,CHEMBL3638576,37.0,BindingDB Database,,2015.0,,
1380,CHEMBL4190182,1.0,Scientific Literature,MedChemComm,2016.0,,
1381,CHEMBL3639236,37.0,BindingDB Database,,2015.0,,
1382,CHEMBL1127122,1.0,Scientific Literature,Bioorg. Med. Chem. Lett.,1993.0,,
1383,CHEMBL1126961,1.0,Scientific Literature,Bioorg. Med. Chem. Lett.,1993.0,,
1384,CHEMBL3638511,37.0,BindingDB Database,,2015.0,,
1385,CHEMBL3638558,37.0,BindingDB Database,,2013.0,,
1386,CHEMBL1129825,1.0,Scientific Literature,Bioorg. Med. Chem. Lett.,1997.0,,
1387,CHEMBL3886698,37.0,BindingDB Database,,2016.0,,
1388,CHEMBL3638713,37.0,BindingDB Database,,2015.0,,
1389,CHEMBL3886853,37.0,BindingDB Database,,2016.0,,
1390,CHEMBL1126165,1.0,Scientific Literature,Bioorg. Med. Chem. Lett.,1992.0,,
1391,CHEMBL3886656,37.0,BindingDB Database,,2016.0,,
1392,CHEMBL3886801,37.0,BindingDB Database,,2016.0,,
1393,CHEMBL3046915,1.0,Scientific Literature,Med Chem Res,2011.0,,
1394,CHEMBL3638658,37.0,BindingDB Database,,2013.0,,
1395,CHEMBL3886333,37.0,BindingDB Database,,2015.0,,
1396,CHEMBL3044919,1.0,Scientific Literature,Med Chem Res,2005.0,,
1397,CHEMBL3217650,1.0,Scientific Literature,MedChemComm,2011.0,,
1398,CHEMBL3886776,37.0,BindingDB Database,,2016.0,,
1399,CHEMBL1159140,1.0,Scientific Literature,Bioorg. Med. Chem. Lett.,1992.0,,
1400,CHEMBL3638745,37.0,BindingDB Database,,2013.0,,
1401,CHEMBL3886217,37.0,BindingDB Database,,2015.0,,
1402,CHEMBL3886239,37.0,BindingDB Database,,2015.0,,
1403,CHEMBL1128756,1.0,Scientific Literature,Bioorg. Med. Chem. Lett.,1995.0,,
1404,CHEMBL3638883,37.0,BindingDB Database,,2013.0,,
1405,CHEMBL3638635,37.0,BindingDB Database,,2015.0,,
1406,CHEMBL1127196,1.0,Scientific Literature,Bioorg. Med. Chem. Lett.,1993.0,,
1407,CHEMBL3585322,1.0,Scientific Literature,MedChemComm,2014.0,,
1445,,,,,,12824018.0,
1476,,,,,,24121503.0,
1546,,,,,,28284867.0,
1589,,,,,,23775075.0,
1592,,,,,,,US10512644
1593,,,,,,,US8846929
1594,,,,,,,US9056836
1595,,,,,,,US8476271
1596,,,,,,,US8492564
1597,,,,,,,US8530494
1598,,,,,,,US9073922
1599,,,,,,,US8580788
1600,,,,,,,US8637502
1601,,,,,,,US8937084
1602,,,,,,,US8969358
1603,,,,,,,US8957084
1604,,,,,,,US8962646
1605,,,,,,,US8980906
1606,,,,,,,US8987287
1607,,,,,,,US9090618
1608,,,,,,,US9096606
1609,,,,,,,US9145408
1610,,,,,,,US9175000
1611,,,,,,,US9221831
1612,,,,,,,US9259422
1613,,,,,,,US9233167
1614,,,,,,,US9290488
1615,,,,,,,US9315514
1616,,,,,,,US9340542
1617,,,,,,,US9359399
1618,,,,,,,US9388162
1619,,,,,,,US9403767
1620,,,,,,,US9480684
1621,,,,,,,US9682966
1622,,,,,,,US9688638
1623,,,,,,,US9700563
1624,,,,,,,US10081602
1625,,,,,,,US10118915
1626,,,,,,,US9598411
1627,,,,,,,US9598447
1628,,,,,,,US9656962
1629,,,,,,,US9862726
1630,,,,,,,US9902726
1631,,,,,,,US9963460
1632,,,,,,,US9975854
1633,,,,,,,US9988392
1634,,,,,,,US10435406
1635,,,,,,,US10577360
1636,,,,,,,US8481743
1637,,,,,,,
1638,,,,,,,
1639,,,,,,,
1640,,,,,,,
1641,,,,,,,
1642,,,,,,,
1643,,,,,,,
1644,,,,,,,
